"mapId","level","classId","party","routeScope","seeds","eligibleForAcceptance","leaderXpPerMinute","aggregateXpCreditsPerMinute","killsPerMinute","travelPercent","respawnWaitingPercent","recoveryPercent","damageTakenPerMinute","consumableCostPerMinute","deaths","companionDowns","companionDownMemberSeconds","visitedPlatformCount","routePlatformCount","stuckSeconds","cohortMapCount","cohortMedianXpPerMinute","deviationFromCohortMedianPercent","pacingWithinTarget","acceptanceNote","layoutRole","xpWithinTarget","dangerAdvantagePercent","comparisonCohortEligible","referenceMapCount","minimumSeedXpPerMinute","maximumSeedXpPerMinute","currencyPerMinute","pickedUpStacksPerMinute","potionUsesPerMinute","damageDealtPerMinute","materialsCollectedPerMinute","consumablesCollectedPerMinute","equippableEquipmentPerMinute","potentialEquipmentResalePerMinute","leaderDamageTakenPerMinute","travelSeconds","respawnWaitingSeconds","enemyHealingPerMinute","rawMovingPercent","engagedPursuitPercent","beforeXpPerMinute","pairedChangePercent","diagnosticChangePercent","comparisonEligibleForAcceptance","matchedResolvedRoute","status","mapName"
"greenrootMeadow","3","fighter","false","main","3","true","818.133","818.133","20.733","50.767","0.148","0","39.867","277.667","0","0","0","3","3","0","1","818.133","0","false","Measured route coverage and sample protocol sufficient for review; class/map balance still requires cohort judgment.","starterField",,,"true","1","774.2","851.8","650.267","20.267","7.933","2299.533","24.733","0.467","0","0","39.867","152.3","0.445","0","65.363","22.115","756.2","8.19","8.19","true","true","standalone-review","Starfall Verge"
"greenrootMeadow","3","mage","false","main","3","true","782.867","782.867","20.267","51.371","0.148","0","39.2","231","0","0","0","3","3","2.278","1","782.867","0","false","Measured route coverage and sample protocol sufficient for review; class/map balance still requires cohort judgment.","starterField",,,"true","1","753.8","811.6","644.2","17.933","6.6","2048.733","21.133","0.333","0","2.533","39.2","154.111","0.445","0","56.422","7.144","759.6","3.063","3.063","true","true","standalone-review","Starfall Verge"
"greenrootMeadow","3","archer","false","main","3","true","803.2","803.2","20.867","49.882","0.233","0","42.8","317.333","0","0","0","3","3","2.244","1","803.2","0","false","Measured route coverage and sample protocol sufficient for review; class/map balance still requires cohort judgment.","starterField",,,"true","1","738.2","893.6","608.133","17","9.067","2119.4","20.067","0.333","0","0","42.8","149.644","0.7","0","56.844","10.544","746","7.668","7.668","true","true","standalone-review","Starfall Verge"
"greenrootMeadow","3","fighter","true","main","3","true","890.6","1479.067","23.4","47.893","0.13","0","26.533","228.667","0","25","32.7","3","3","0","1","890.6","0","false","Measured route coverage and sample protocol sufficient for review; class/map balance still requires cohort judgment.","starterField",,,"true","1","864.2","930.4","734.2","24.6","6.533","2685.8","28.2","0.467","0","0","26.533","143.678","0.389","0","71.222","31.537","830.533","7.232","7.232","true","true","standalone-review","Starfall Verge"
"greenrootMeadow","6","fighter","false","main","3","true","1269.533","1269.533","20.8","49.815","0.089","0","62.867","571.667","0","0","0","3","3","0","2","1717.033","-26.062","false","Measured route coverage and sample protocol sufficient for review; class/map balance still requires cohort judgment.","starterField","false",,"true","2","1258.6","1284.4","1109","21.2","16.333","3514.467","24","0.267","0","2.8","62.867","149.445","0.267","0","66.741","21.696","1145.933","10.786","10.786","true","true","requires-tuning","Starfall Verge"
"greenrootMeadow","6","mage","false","main","3","true","1397.2","1397.2","22.867","46.337","0.326","0","49.867","497","0","0","0","3","3","0.089","2","1632.3335000000002","-14.405","false","Measured route coverage and sample protocol sufficient for review; class/map balance still requires cohort judgment.","starterField","true",,"true","2","1372.2","1415","1208.2","18.267","14.2","3684.333","21.533","0.2","0","0","49.867","139.011","0.978","0","55.296","10.5","1218.2","14.694","14.694","true","true","requires-tuning","Starfall Verge"
"greenrootMeadow","6","archer","false","main","3","true","1434.6","1434.6","23.6","49.655","0.489","0","38.333","499.333","0","0","0","3","3","0","2","1777.2335","-19.279","false","Measured route coverage and sample protocol sufficient for review; class/map balance still requires cohort judgment.","starterField","false",,"true","2","1380","1496.4","1099.933","17.267","14.267","3888.067","21","0.067","0","8.533","38.333","148.967","1.467","0","57.196","9.167","1432.667","0.135","0.135","true","true","requires-tuning","Starfall Verge"
"greenrootMeadow","6","fighter","true","main","3","true","1469.067","2444.533","23.933","46.159","0.193","0","37","574","0","23","30.667","3","3","0.189","2","1839","-20.116","false","Measured route coverage and sample protocol sufficient for review; class/map balance still requires cohort judgment.","starterField","false",,"true","2","1413.6","1520.6","1240.8","24.667","16.4","4395.6","27.867","0.267","0","10.933","37","138.478","0.578","0","70.9","31.311","1352.933","8.584","8.584","true","true","requires-tuning","Starfall Verge"
"thornpathThicket","6","fighter","false","main","3","true","2164.533","2164.533","26.4","47.185","0.123","0","91.133","578.667","0","0","0","4","4","0","2","1717.033","26.062","false","Measured route coverage and sample protocol sufficient for review; class/map balance still requires cohort judgment.","trainingField","false",,"true","2","2090","2240.6","1371.667","27.867","16.533","5031.4","25.733","0.867","0","5.467","91.133","141.555","0.367","0","59.23","16.511","1773","22.083","22.083","true","true","requires-tuning","Thornpath Thicket"
"thornpathThicket","6","mage","false","main","3","true","1867.467","1867.467","22.8","46.956","0.155","0","134.8","541.333","0","0","0","4","4","0","2","1632.3335000000002","14.405","false","Measured route coverage and sample protocol sufficient for review; class/map balance still requires cohort judgment.","trainingField","true",,"true","2","1750","1988","1222.6","20.133","15.467","4164.533","19","0.067","0.133","6.4","134.8","140.867","0.467","0","50.956","4.822","1772.733","5.344","5.344","true","true","requires-tuning","Thornpath Thicket"
"thornpathThicket","6","archer","false","main","3","true","2119.867","2119.867","25.467","43.574","0.318","0","157.667","611.333","0","0","0","4","4","0","2","1777.2335","19.279","false","Measured route coverage and sample protocol sufficient for review; class/map balance still requires cohort judgment.","trainingField","false",,"true","2","1884.6","2285","1360.667","23.467","17.467","4900.333","22.133","0.267","0","0","157.667","130.722","0.956","0","48.359","3.444","1864.867","13.674","13.674","true","true","requires-tuning","Thornpath Thicket"
"thornpathThicket","6","fighter","true","main","3","true","2208.933","3658.333","27.267","54.819","0.281","0","46.6","557.667","0","57","76.478","4","4","0","2","1839","20.116","false","Measured route coverage and sample protocol sufficient for review; class/map balance still requires cohort judgment.","trainingField","false",,"true","2","2179.2","2231.6","1420.6","28.267","15.933","5564.867","27","0.333","0","4.8","46.6","164.455","0.844","0","66.733","17.648","2078.333","6.284","6.284","true","true","requires-tuning","Thornpath Thicket"
"thornpathThicket","14","fighter","false","main","3","true","3501.6","3501.6","26.4","58.722","0.341","0","65.467","574","0","0","0","4","4","0","2","4239.1","-17.398","false","Measured route coverage and sample protocol sufficient for review; class/map balance still requires cohort judgment.","trainingField","false",,"true","2","3417.8","3630","1637.867","25.933","16.4","8119.467","24.933","0.133","0","0","65.467","176.167","1.022","0","66.93","14.27","3060.8","14.401","14.401","true","true","requires-tuning","Thornpath Thicket"
"thornpathThicket","14","mage","false","main","3","true","3310.067","3310.067","24.733","57.344","0.3","0","142.733","641.667","0","0","0","4","4","0","2","3713.3","-10.859","false","Measured route coverage and sample protocol sufficient for review; class/map balance still requires cohort judgment.","trainingField","true",,"true","2","3089","3463.4","1565.867","23.467","18.333","7198.933","22.333","0.2","0","0","142.733","172.033","0.9","0","59.763","3.97","3106.867","6.54","6.54","true","true","requires-tuning","Thornpath Thicket"
"thornpathThicket","14","archer","false","main","3","true","3051.867","3051.867","22.4","55.048","0.441","0","163.467","634.667","0","0","0","4","4","0","2","3418.067","-10.714","false","Measured route coverage and sample protocol sufficient for review; class/map balance still requires cohort judgment.","trainingField","true",,"true","2","2937.8","3142.4","1444.533","20.8","18.133","6807.667","19.667","0.4","0.067","2.4","163.467","165.144","1.322","0","57.707","3.215","3088.8","-1.196","-1.196","true","true","requires-tuning","Thornpath Thicket"
"thornpathThicket","14","fighter","true","main","3","true","3664.8","6078.533","25.933","62.578","0.563","0","58.933","562.333","0","47","63.2","4","4","0","2","4805.4335","-23.736","false","Measured route coverage and sample protocol sufficient for review; class/map balance still requires cohort judgment.","trainingField","false",,"true","2","3559","3798","1624.133","25.467","16.067","8420.467","24.733","0.333","0","0","58.933","187.733","1.689","0","72.793","17.17","3397.6","7.864","7.864","true","true","requires-tuning","Thornpath Thicket"
"rustcoilRuins","14","fighter","false","main","3","true","4976.6","4976.6","25.933","25.326","0","0","384.733","728","0","0","0","5","5","0","2","4239.1","17.398","true","Measured route coverage and sample protocol sufficient for review; class/map balance still requires cohort judgment.","trainingField","false",,"true","2","4853.6","5135.6","1922.667","26","20.8","10794.333","24.6","0.333","0.067","49.333","384.733","75.978","0","0","45.693","21.233","4318.667","15.235","15.235","true","true","requires-tuning","Rustcoil Ruins"
"rustcoilRuins","14","mage","false","main","3","true","4116.533","4116.533","21.333","26.033","0","0","577.2","868","0","0","0","5","5","0.356","2","3713.3","10.859","true","Measured route coverage and sample protocol sufficient for review; class/map balance still requires cohort judgment.","trainingField","true",,"true","2","3916","4484.6","1650.467","22","24.8","9134.4","21.2","0.2","0","0","577.2","78.1","0","0","37.237","5.659","3714.933","10.81","10.81","true","true","within-numerical-targets","Rustcoil Ruins"
"rustcoilRuins","14","archer","false","main","3","true","3784.267","3784.267","19.6","22.226","0","0","572.133","835.333","0","0","0","5","5","0","2","3418.067","10.714","true","Measured route coverage and sample protocol sufficient for review; class/map balance still requires cohort judgment.","trainingField","true",,"true","2","3434","4047.8","1525.733","20","23.867","8549.2","18.533","0.6","0","0","572.133","66.678","0","0","35.689","7.422","2894.333","30.747","30.747","true","true","within-numerical-targets","Rustcoil Ruins"
"rustcoilRuins","14","fighter","true","main","3","true","5946.067","9883.533","30.8","25.167","0","0","277.733","690.667","0","59","79.833","5","5","0.044","2","4805.4335","23.736","true","Measured route coverage and sample protocol sufficient for review; class/map balance still requires cohort judgment.","trainingField","false",,"true","2","5735.4","6148.8","2369.933","30.933","19.733","13301","28.8","0.8","0","23.6","277.733","75.5","0","0","48.744","26.356","4792.467","24.071","24.071","true","true","requires-tuning","Rustcoil Ruins"
"rustcoilRuins","19","fighter","false","main","3","true","8744.533","8744.533","34.4","30.489","0","0","145","1014.333","0","0","0","5","5","0.289","3","9523.7665","-8.182","false","Measured route coverage and sample protocol sufficient for review; class/map balance still requires cohort judgment.","trainingField","true",,"true","2","8568.6","8910.8","3334.867","33.4","11.933","22607.933","31.467","0.533","0.133","43.067","145","91.467","0","0","55.074","33.574","7777.467","12.434","12.434","true","true","requires-tuning","Rustcoil Ruins"
"rustcoilRuins","19","mage","false","main","3","true","8413.4","8413.4","33.4","29.456","0","0","251.467","1116.333","0","0","0","5","5","0","3","9564.3665","-12.034","true","Measured route coverage and sample protocol sufficient for review; class/map balance still requires cohort judgment.","trainingField","true",,"true","2","8233.8","8580.6","3214.933","29.8","13.133","21480.933","27.733","0.867","0.133","43.067","251.467","88.367","0","0","39.956","11.233","7240.067","16.206","16.206","true","true","within-numerical-targets","Rustcoil Ruins"
"rustcoilRuins","19","archer","false","main","3","true","8301.8","8301.8","32.4","29.693","0","0","343.333","1331.667","0","0","0","5","5","0","3","9776.3665","-15.083","true","Measured route coverage and sample protocol sufficient for review; class/map balance still requires cohort judgment.","trainingField","false",,"true","2","7763","8731.2","3183","27.933","15.667","21076.733","26.267","0.333","0","18.667","343.333","89.078","0","0","38.248","10.07","8003.667","3.725","3.725","true","true","requires-tuning","Rustcoil Ruins"
"rustcoilRuins","19","fighter","true","main","3","true","8833.333","14672.4","34.667","34.578","0","0","149.867","963.333","0","72","96.733","5","5","0.078","3","9745.3","-9.358","false","Measured route coverage and sample protocol sufficient for review; class/map balance still requires cohort judgment.","trainingField","true",,"true","2","8199.2","9205.8","3342.4","34.333","11.333","23754.6","32.8","0.333","0.133","40.133","149.867","103.733","0","0","61.622","35.437","8196.4","7.771","7.771","true","true","requires-tuning","Rustcoil Ruins"
"cinderHollow","19","fighter","false","main","3","true","10303","10303","35.667","35.637","0.044","0","113.933","923.667","0","0","0","4","4","0","3","9523.7665","8.182","false","Measured route coverage and sample protocol sufficient for review; class/map balance still requires cohort judgment.","trainingField","true",,"true","2","10043.8","10800.4","3835.533","35.8","10.867","21370.533","34","0.533","0","8.667","113.933","106.911","0.133","0","58.096","32.967","7807","31.971","31.971","true","true","requires-tuning","Cinder Hollow"
"cinderHollow","19","mage","false","main","3","true","10715.333","10715.333","37.6","33.219","0.096","0","203.867","1110.667","0","0","0","4","4","0","3","9564.3665","12.034","false","Measured route coverage and sample protocol sufficient for review; class/map balance still requires cohort judgment.","trainingField","true",,"true","2","10525.2","10868.8","4013.067","33.733","13.067","22701.333","31.8","0.667","0","8.667","203.867","99.656","0.289","0","41.152","10.063","7703.533","39.096","39.096","true","true","requires-tuning","Cinder Hollow"
"cinderHollow","19","archer","false","main","3","true","11250.933","11250.933","39.6","35.381","0.107","0","238.2","1252.333","0","0","0","4","4","0","3","9776.3665","15.083","false","Measured route coverage and sample protocol sufficient for review; class/map balance still requires cohort judgment.","trainingField","false",,"true","2","11010.4","11698.2","4154.733","34.733","14.733","23923.533","33.067","0.333","0","33.6","238.2","106.144","0.322","0","41.382","9.133","7843.933","43.435","43.435","true","true","requires-tuning","Cinder Hollow"
"cinderHollow","19","fighter","true","main","3","true","10657.267","17717.467","37.333","39.341","0.193","0","131.133","906.667","0","88","115.511","4","4","0","3","9745.3","9.358","false","Measured route coverage and sample protocol sufficient for review; class/map balance still requires cohort judgment.","trainingField","true",,"true","2","10317","11312.6","3998.267","38","10.667","23999.867","35.667","0.467","0","105.467","131.133","118.022","0.578","0","61.063","31.878","7859.267","35.601","35.601","true","true","requires-tuning","Cinder Hollow"
"banditRidgeCamp","19","fighter","false","main","3","true","8828.8","8828.8","37.467","19.167","0","0","165","980.333","0","0","0","4","4","0","3","9523.7665","-7.297","true","Measured route coverage and sample protocol sufficient for review; class/map balance still requires cohort judgment.","deepField","false","-7.297","true","2","8371.4","9175.2","3973.667","36.933","11.533","22468.267","34.8","0.6","0.067","4.333","165","57.5","0","0","54.974","48.1","8974.067","-1.619","-1.619","true","true","requires-tuning","Bandit Ridge Camp"
"banditRidgeCamp","19","mage","false","main","3","true","9700.2","9700.2","41.067","18.189","0.044","0","168.333","1133.333","0","0","0","4","4","0","3","9564.3665","1.42","true","Measured route coverage and sample protocol sufficient for review; class/map balance still requires cohort judgment.","deepField","false","1.42","true","2","9397.2","10082.2","4285.533","33.533","13.333","24834","31.867","0.333","0","11.467","168.333","54.567","0.133","0","31.607","17.059","9702.333","-0.022","-0.022","true","true","requires-tuning","Bandit Ridge Camp"
"banditRidgeCamp","19","archer","false","main","3","true","6366.467","6366.467","27","14.274","0.015","0","180.933","1297.667","0","0","0","4","4","0","3","9776.3665","-34.879","true","Measured route coverage and sample protocol sufficient for review; class/map balance still requires cohort judgment.","deepField","false","-34.879","true","2","5183","7664","2837.333","22.267","15.267","15983.133","20.867","0.333","0.067","1.533","180.933","42.822","0.044","0","21.826","13.096","6617","-3.786","-3.786","true","true","requires-tuning","Bandit Ridge Camp"
"banditRidgeCamp","19","fighter","true","main","3","true","10100.133","16824.533","42.933","17.393","0","0","156.533","986","0","53","71.711","4","4","0","3","9745.3","3.641","true","Measured route coverage and sample protocol sufficient for review; class/map balance still requires cohort judgment.","deepField","false","3.641","true","2","9433.6","10893.4","4574.267","42.667","11.6","26889.067","40.2","0.4","0.2","30","156.533","52.178","0","0","56.37","50.863","10884.067","-7.203","-7.203","true","true","requires-tuning","Bandit Ridge Camp"
"cinderHollow","28","fighter","false","main","3","true","11409.867","11409.867","33.2","50.493","0.2","0","56.733","787.667","0","0","0","4","4","0.367","3","11409.867","0","false","Measured route coverage and sample protocol sufficient for review; class/map balance still requires cohort judgment.","trainingField","true",,"true","1","10803.2","11722.8","4656.133","32.133","9.267","30858.067","30.8","0.467","0.067","18.4","56.733","151.478","0.6","0","65.53","25.385","9247.533","23.383","23.383","true","true","requires-tuning","Cinder Hollow"
"cinderHollow","28","mage","false","main","3","true","13923","13923","40.667","40.378","0.119","0","180.867","980.333","0","0","0","4","4","0","3","13923","0","false","Measured route coverage and sample protocol sufficient for review; class/map balance still requires cohort judgment.","trainingField","true",,"true","1","13814.2","14111","5746","36.267","11.533","34674.333","34.667","0.2","0","31.733","180.867","121.133","0.356","0","48.622","11.507","9546.467","45.845","45.845","true","true","requires-tuning","Cinder Hollow"
"cinderHollow","28","archer","false","main","3","true","13524.133","13524.133","39.4","40.441","0.285","0","209.867","1122","0","0","0","4","4","0","3","13524.133","0","false","Measured route coverage and sample protocol sufficient for review; class/map balance still requires cohort judgment.","trainingField","true",,"true","1","13219.4","13780.2","5544.333","32.533","13.2","36223.933","31.067","0.2","0","37.333","209.867","121.322","0.855","0","46.855","10.322","8783.867","53.966","53.966","true","true","requires-tuning","Cinder Hollow"
"cinderHollow","28","guardian","false","main","3","true","11661.067","11661.067","33.867","37.263","0.118","0","64.733","515.667","0","0","0","4","4","0.289","3","11661.067","0","false","Measured route coverage and sample protocol sufficient for review; class/map balance still requires cohort judgment.","trainingField","true",,"true","1","11594.4","11737.8","4814.133","35.533","6.067","30151.267","33.533","0.333","0","33.2","64.733","111.789","0.355","0","55.537","26.459","8865.467","31.534","31.534","true","true","requires-tuning","Cinder Hollow"
"cinderHollow","28","berserker","false","main","3","true","11576.2","11576.2","33.733","41.578","0.285","0","77.867","714","0","0","0","4","4","0","3","11576.2","0","false","Measured route coverage and sample protocol sufficient for review; class/map balance still requires cohort judgment.","trainingField","true",,"true","1","10372.2","12868.6","4803.533","34.533","8.4","31111.267","32.333","0.533","0.133","53.867","77.867","124.733","0.856","0","60.444","24.456","8572.867","35.033","35.033","true","true","requires-tuning","Cinder Hollow"
"cinderHollow","28","duelist","false","main","3","true","12002.733","12002.733","35.067","38.633","0.163","0","144.8","861.333","0","0","0","4","4","0","3","12002.733","0","false","Measured route coverage and sample protocol sufficient for review; class/map balance still requires cohort judgment.","trainingField","true",,"true","1","11842.4","12323.4","4948.133","35.333","10.133","31189.2","33.067","0.667","0.067","20.267","144.8","115.9","0.489","0","54.956","24.285","8818.2","36.113","36.113","true","true","requires-tuning","Cinder Hollow"
"cinderHollow","28","fireMage","false","main","3","true","12646.4","12646.4","36.933","42.726","0.381","0","149.467","918","0","0","0","4","4","0","3","12646.4","0","false","Measured route coverage and sample protocol sufficient for review; class/map balance still requires cohort judgment.","trainingField","true",,"true","1","12318.6","12812.8","5133.867","31.6","10.8","30820.733","30.667","0.267","0.067","32.8","149.467","128.178","1.144","0","48.759","9.352","9059.6","39.591","39.591","true","true","requires-tuning","Cinder Hollow"
"cinderHollow","28","runeMage","false","main","3","true","12581.8","12581.8","36.667","48.222","0.204","0","115.733","923.667","0","0","0","4","4","0","3","12581.8","0","false","Measured route coverage and sample protocol sufficient for review; class/map balance still requires cohort judgment.","trainingField","true",,"true","1","12447.8","12767.4","5205.067","33.8","10.867","31970.267","31.467","0.333","0","14.933","115.733","144.666","0.611","0","58.407","15.948","9356.333","34.474","34.474","true","true","requires-tuning","Cinder Hollow"
"cinderHollow","28","stormMage","false","main","3","true","12191.067","12191.067","35.533","35.855","0.27","0","221.067","1003","0","0","0","4","4","0","3","12191.067","0","false","Measured route coverage and sample protocol sufficient for review; class/map balance still requires cohort judgment.","trainingField","true",,"true","1","11881","12540.6","4934.733","30.733","11.8","28791.667","29.067","0.333","0.133","44.4","221.067","107.566","0.811","0","41.137","7.293","9065.067","34.484","34.484","true","true","requires-tuning","Cinder Hollow"
"cinderHollow","28","sniper","false","main","3","true","10902.467","10902.467","31.733","24.1","0.063","0","551.267","991.667","0","0","0","4","4","2.211","3","10902.467","0","true","Measured route coverage and sample protocol sufficient for review; class/map balance still requires cohort judgment.","trainingField","true",,"true","1","10381.6","11202.6","4618.4","30.267","11.667","24718.667","27.8","0.467","0.067","15.733","551.267","72.3","0.189","0","29.081","4.204","8033.267","35.716","35.716","true","true","within-numerical-targets","Cinder Hollow"
"cinderHollow","28","trapper","false","main","3","true","11796.333","11796.333","34.2","32.182","0.152","0","144.133","691.333","0","0","0","4","4","0","3","11796.333","0","false","Measured route coverage and sample protocol sufficient for review; class/map balance still requires cohort judgment.","trainingField","true",,"true","1","11522.8","12077.4","4926.267","33.133","8.133","26115.133","30.867","0.6","0","33.467","144.133","96.545","0.456","0","49.948","20.278","8580.067","37.485","37.485","true","true","requires-tuning","Cinder Hollow"
"cinderHollow","28","beastArcher","false","main","3","true","12340.667","12340.667","35.933","28.785","0.089","0","379.267","895.333","0","0","0","4","4","0","3","12340.667","0","true","Measured route coverage and sample protocol sufficient for review; class/map balance still requires cohort judgment.","trainingField","true",,"true","1","11996.4","12592","5040.867","32.267","10.533","30132.067","31.067","0.6","0","8.667","379.267","86.356","0.267","0","35.396","7.204","7965.467","54.927","54.927","true","true","within-numerical-targets","Cinder Hollow"
"cinderHollow","28","fighter","true","main","3","true","12498.667","20741.467","36.333","52.004","0.215","0","64.467","787.667","0","85","112.533","4","4","0","3","12498.667","0","false","Measured route coverage and sample protocol sufficient for review; class/map balance still requires cohort judgment.","trainingField","true",,"true","1","12218","13023.2","5110.133","36.2","9.267","33612.333","34.067","0.867","0.133","74.667","64.467","156.011","0.644","0","69.285","27.23","9791.067","27.654","27.654","true","true","requires-tuning","Cinder Hollow"
"banditRidgeCamp","28","fighter","false","main","3","true","13520.667","13520.667","39.533","21.226","0","0","171.133","952","0","0","0","4","4","0","3","11409.867","18.5","true","Measured route coverage and sample protocol sufficient for review; class/map balance still requires cohort judgment.","deepField","true","18.5","true","1","13040.8","13821.2","5274.2","39.8","11.2","34503.733","36.8","0.867","0.2","42.867","171.133","63.678","0","0","58.985","50.385","13086.467","3.318","3.318","true","true","within-numerical-targets","Bandit Ridge Camp"
"banditRidgeCamp","28","mage","false","main","3","true","14496.267","14496.267","42.4","23.363","0.078","0","140.067","1003","0","0","0","4","4","0","3","13923","4.117","true","Measured route coverage and sample protocol sufficient for review; class/map balance still requires cohort judgment.","deepField","false","4.117","true","1","13965.6","14868.4","5583","33.467","11.8","37990.533","31.333","0.733","0","0","140.067","70.089","0.233","0","38.152","19.878","15708.333","-7.716","-7.716","true","true","requires-tuning","Bandit Ridge Camp"
"banditRidgeCamp","28","archer","false","main","3","true","11558.067","11558.067","34","17.648","0","0","200.4","1246.667","0","0","0","4","4","0.567","3","13524.133","-14.537","true","Measured route coverage and sample protocol sufficient for review; class/map balance still requires cohort judgment.","deepField","false","-14.537","true","1","9618.2","14403.6","4457.6","26.667","14.667","30319.067","25.2","0.8","0","0","200.4","52.944","0","0","25.711","14.419","9242","25.06","25.06","true","true","requires-tuning","Bandit Ridge Camp"
"banditRidgeCamp","28","guardian","false","main","3","true","12532.933","12532.933","36.533","17.3","0","0","144.533","538.333","0","0","0","4","4","0","3","11661.067","7.477","true","Measured route coverage and sample protocol sufficient for review; class/map balance still requires cohort judgment.","deepField","false","7.477","true","1","11907.8","13399.6","4911.933","37","6.333","30778.267","34.8","0.467","0.133","25.4","144.533","51.9","0","0","51.952","45.63","12122.067","3.389","3.389","true","true","requires-tuning","Bandit Ridge Camp"
"banditRidgeCamp","28","berserker","false","main","3","true","12437.733","12437.733","36.4","25.83","0","0","144.8","742.333","0","0","0","4","4","0","3","11576.2","7.442","true","Measured route coverage and sample protocol sufficient for review; class/map balance still requires cohort judgment.","deepField","false","7.442","true","1","12137.4","12849.2","4879.2","35.6","8.733","33113","33.067","0.6","0.067","27.2","144.8","77.489","0","0","57.874","41.978","12802.067","-2.846","-2.846","true","true","requires-tuning","Bandit Ridge Camp"
"banditRidgeCamp","28","duelist","false","main","3","true","12869.2","12869.2","37.6","21.115","0","0","215.6","923.667","0","0","0","4","4","0.133","3","12002.733","7.219","true","Measured route coverage and sample protocol sufficient for review; class/map balance still requires cohort judgment.","deepField","false","7.219","true","1","12145.6","13609.8","5004.467","38.467","10.867","32106.867","36.133","0.667","0.2","47.2","215.6","63.345","0","0","53.004","40.389","12241.6","5.127","5.127","true","true","requires-tuning","Bandit Ridge Camp"
"banditRidgeCamp","28","fireMage","false","main","3","true","14655.067","14655.067","42.933","23.767","0.052","0","123.333","963.333","0","0","0","4","4","0","3","12646.4","15.883","true","Measured route coverage and sample protocol sufficient for review; class/map balance still requires cohort judgment.","deepField","true","15.883","true","1","14061.4","15562","5648.133","36.333","11.333","33796","33.6","0.933","0","0","123.333","71.3","0.156","0","36.319","16.53","14555.333","0.685","0.685","true","true","within-numerical-targets","Bandit Ridge Camp"
"banditRidgeCamp","28","runeMage","false","main","3","true","13573.733","13573.733","39.733","26.304","0.126","0","106.867","1014.333","0","0","0","4","4","0","3","12581.8","7.884","true","Measured route coverage and sample protocol sufficient for review; class/map balance still requires cohort judgment.","deepField","false","7.884","true","1","13543.8","13632.4","5165.467","29.4","11.933","33744.533","28.133","0.333","0.067","1.533","106.867","78.911","0.378","0","46.918","28.704","13399.467","1.301","1.301","true","true","requires-tuning","Bandit Ridge Camp"
"banditRidgeCamp","28","stormMage","false","main","3","true","13129.4","13129.4","38.533","25.189","0.089","0","107.2","963.333","0","0","0","4","4","0","3","12191.067","7.697","true","Measured route coverage and sample protocol sufficient for review; class/map balance still requires cohort judgment.","deepField","false","7.697","true","1","12692","13482.8","5082.6","32.867","11.333","30104.2","30.2","0.933","0","11.2","107.2","75.567","0.267","0","33.874","15.863","13674.6","-3.987","-3.987","true","true","requires-tuning","Bandit Ridge Camp"
"banditRidgeCamp","28","sniper","false","main","3","true","7714.333","7714.333","22.6","10.911","0","0","254.4","855.667","0","0","0","4","4","0","3","10902.467","-29.242","true","Measured route coverage and sample protocol sufficient for review; class/map balance still requires cohort judgment.","deepField","false","-29.242","true","1","6586.4","8730.8","2964.333","18.533","10.067","17330.467","17.467","0.267","0","0","254.4","32.733","0","0","18.344","7.274","6922.6","11.437","11.437","true","true","requires-tuning","Bandit Ridge Camp"
"banditRidgeCamp","28","trapper","false","main","3","true","11730.6","11730.6","34.533","18.1","0","0","138.467","742.333","0","0","0","4","4","0.011","3","11796.333","-0.557","true","Measured route coverage and sample protocol sufficient for review; class/map balance still requires cohort judgment.","deepField","false","-0.557","true","1","11000.8","12418.2","4566.067","30.667","8.733","25676.133","28.467","0.533","0.067","23.6","138.467","54.3","0","0","44.148","29.933","11690.533","0.343","0.343","true","true","requires-tuning","Bandit Ridge Camp"
"banditRidgeCamp","28","beastArcher","false","main","3","true","8256.267","8256.267","24.2","15.559","0","0","168.267","912.333","0","0","0","4","4","0.078","3","12340.667","-33.097","true","Measured route coverage and sample protocol sufficient for review; class/map balance still requires cohort judgment.","deepField","false","-33.097","true","1","6089.6","10162.2","3242.4","19.067","10.733","20131","17.733","0.533","0","0","168.267","46.678","0","0","19.641","12.615","8683.4","-4.919","-4.919","true","true","requires-tuning","Bandit Ridge Camp"
"banditRidgeCamp","28","fighter","true","main","3","true","15065.867","25030.133","44.067","18.033","0","0","202.933","974.667","0","47","61.4","4","4","0","3","12498.667","20.54","true","Measured route coverage and sample protocol sufficient for review; class/map balance still requires cohort judgment.","deepField","false","20.54","true","1","14567.2","15919.2","5918.267","44.867","11.467","41858.533","41.467","0.667","0.2","67.333","202.933","54.1","0","0","59.707","54.241","15311.933","-1.607","-1.607","true","true","requires-tuning","Bandit Ridge Camp"
"orebackQuarry","28","fighter","false","main","3","true","13322.867","13322.867","30.6","36.948","0","0","153.933","1003","0","0","0","4","4","0","3","11409.867","16.766","false","Measured route coverage and sample protocol sufficient for review; class/map balance still requires cohort judgment.","deepField","true","16.766","true","1","12689.2","13757.8","4186.733","29.333","11.8","39513.533","48.467","0.4","0.067","16.667","153.933","110.844","0","0","55.744","28.193","11834.267","12.579","12.579","true","true","requires-tuning","Oreback Quarry"
"orebackQuarry","28","mage","false","main","3","true","12782.2","12782.2","29.533","34.056","0.015","0","444.8","1201.333","0","0","0","4","4","0","3","13923","-8.194","false","Measured route coverage and sample protocol sufficient for review; class/map balance still requires cohort judgment.","deepField","false","-8.194","true","1","12299.2","13098.4","3954.133","22.8","14.133","38134.467","36.667","0.267","0.133","30.133","444.8","102.166","0.044","25.867","38.804","5.256","11667.867","9.55","9.55","true","true","requires-tuning","Oreback Quarry"
"orebackQuarry","28","archer","false","main","3","true","14282.733","14282.733","32.933","34.078","0.033","0","448.667","1388.333","0","0","0","4","4","0.322","3","13524.133","5.609","false","Measured route coverage and sample protocol sufficient for review; class/map balance still requires cohort judgment.","deepField","false","5.609","true","1","13845.2","15057","4310.8","24.133","16.333","43701","37.267","0.4","0.067","2.267","448.667","102.233","0.1","28.2","37.933","5.026","12528.8","13.999","13.999","true","true","requires-tuning","Oreback Quarry"
"orebackQuarry","28","guardian","false","main","3","true","11381.533","11381.533","26.733","34.607","0","0","231.467","640.333","0","0","0","4","4","0","3","11661.067","-2.397","false","Measured route coverage and sample protocol sufficient for review; class/map balance still requires cohort judgment.","deepField","false","-2.397","true","1","10741","11746.2","3557.067","26.067","7.533","32125.267","42.2","0.467","0.133","13.2","231.467","103.822","0","78","51.744","22.156","10682.2","6.547","6.547","true","true","requires-tuning","Oreback Quarry"
"orebackQuarry","28","berserker","false","main","3","true","12708.867","12708.867","29.267","34.13","0.026","0","203.267","878.333","0","0","0","4","4","0","3","11576.2","9.784","false","Measured route coverage and sample protocol sufficient for review; class/map balance still requires cohort judgment.","deepField","false","9.784","true","1","12511.6","13039.2","3976","29","10.333","37650.6","44.6","0.467","0.067","3.2","203.267","102.389","0.078","19.467","51.611","22.644","11179.133","13.684","13.684","true","true","requires-tuning","Oreback Quarry"
"orebackQuarry","28","duelist","false","main","3","true","12029.2","12029.2","27.733","29.463","0.007","0","287.733","1025.667","0","0","0","4","4","0","3","12002.733","0.221","true","Measured route coverage and sample protocol sufficient for review; class/map balance still requires cohort judgment.","deepField","false","0.221","true","1","11929.8","12222.8","3771.867","25.867","12.067","35774","42.733","0.4","0","0","287.733","88.389","0.022","97.067","44.467","20.119","10451.533","15.095","15.095","true","true","requires-tuning","Oreback Quarry"
"orebackQuarry","28","fireMage","false","main","3","true","11855.6","11855.6","27.333","27.941","0.037","0","564.133","1246.667","0","0","0","4","4","0","3","12646.4","-6.253","true","Measured route coverage and sample protocol sufficient for review; class/map balance still requires cohort judgment.","deepField","false","-6.253","true","1","11636.6","11985.6","3636.667","21.733","14.667","33238.2","34.533","0.267","0.133","19.333","564.133","83.822","0.111","9.733","32.496","3.996","10816.333","9.608","9.608","true","true","requires-tuning","Oreback Quarry"
"orebackQuarry","28","runeMage","false","main","3","true","13173.933","13173.933","30.4","34.478","0","0","329.6","1195.667","0","0","0","4","4","0","3","12581.8","4.706","false","Measured route coverage and sample protocol sufficient for review; class/map balance still requires cohort judgment.","deepField","false","4.706","true","1","12679.2","13880.6","4047.933","25.4","14.067","38969.8","42.6","0.4","0","10.267","329.6","103.433","0","76.733","44.1","13.748","11730.467","12.305","12.305","true","true","requires-tuning","Oreback Quarry"
"orebackQuarry","28","stormMage","false","main","3","true","10308.333","10308.333","24.067","28.148","0","0","481.533","1229.667","0","0","0","4","4","1.489","3","12191.067","-15.444","true","Measured route coverage and sample protocol sufficient for review; class/map balance still requires cohort judgment.","deepField","false","-15.444","true","1","10054","10563.8","3202.133","17.4","14.467","28004.333","28.067","0.267","0","10.267","481.533","84.444","0","4.667","29.77","2.841","10003.667","3.046","3.046","true","true","requires-tuning","Oreback Quarry"
"orebackQuarry","28","sniper","false","main","3","true","9017.333","9017.333","20.733","21.774","0.059","0","715.067","1133.333","0","0","0","4","4","0","3","10902.467","-17.291","true","Measured route coverage and sample protocol sufficient for review; class/map balance still requires cohort judgment.","deepField","false","-17.291","true","1","8806.4","9393.2","2727.933","15.4","13.333","25397.467","26.2","0.267","0","0","715.067","65.322","0.178","9.733","26.141","1.57","8583.533","5.054","5.054","true","true","requires-tuning","Oreback Quarry"
"orebackQuarry","28","trapper","false","main","3","true","10997.533","10997.533","25.4","29.397","0","0","449.133","986","0","0","0","4","4","0","3","11796.333","-6.772","true","Measured route coverage and sample protocol sufficient for review; class/map balance still requires cohort judgment.","deepField","false","-6.772","true","1","10860.8","11080.2","3391.133","22","11.6","29615.8","36.133","0.533","0","0","449.133","88.189","0","110","40.748","11.996","10368.333","6.068","6.068","true","true","requires-tuning","Oreback Quarry"
"orebackQuarry","28","beastArcher","false","main","3","true","11094.667","11094.667","25.467","25.426","0.026","0","578.933","1054","0","0","0","4","4","0","3","12340.667","-10.097","true","Measured route coverage and sample protocol sufficient for review; class/map balance still requires cohort judgment.","deepField","false","-10.097","true","1","10654","11754.6","3400.333","17.2","12.4","32067.133","28.4","0.133","0","0","578.933","76.278","0.078","18","28.904","2.015","9385.8","18.207","18.207","true","true","requires-tuning","Oreback Quarry"
"orebackQuarry","28","fighter","true","main","3","true","15447.267","25690.8","35.533","34.059","0","0","193.333","1048.333","0","70","92.922","4","4","0","3","12498.667","23.591","false","Measured route coverage and sample protocol sufficient for review; class/map balance still requires cohort judgment.","deepField","false","23.591","true","1","15247.6","15664.2","4824.2","34.533","12.333","47708.8","57.6","0.333","0","0","193.333","102.178","0","28.2","54.074","29.759","13895.933","11.164","11.164","true","true","requires-tuning","Oreback Quarry"
"ashglassPass","50","fighter","false","main","3","true","22867.6","22867.6","35","34.178","0.107","0","223.533","949.333","0","0","0","4","4","0","2","25016.933","-8.592","false","Measured route coverage and sample protocol sufficient for review; class/map balance still requires cohort judgment.","deepField","false","-8.592","true","1","22397.6","23514.2","7871.933","33.933","5.933","53341.267","49.333","0.333","0","0","223.533","102.533","0.322","0","57.83","34.341","18603.6","22.92","22.92","true","true","requires-tuning","Ashglass Pass"
"ashglassPass","50","mage","false","main","3","true","25186.733","25186.733","38.867","30.589","0.278","0","219.267","1056","0","0","0","4","4","0","2","24981.933","0.82","false","Measured route coverage and sample protocol sufficient for review; class/map balance still requires cohort judgment.","deepField","false","0.82","true","1","23991.8","27383.2","8682.333","32.2","6.6","59373","46.733","0.4","0.067","13.733","219.267","91.767","0.833","0","34.541","6.696","19764.067","27.437","27.437","true","true","requires-tuning","Ashglass Pass"
"ashglassPass","50","archer","false","main","3","true","27777.333","27777.333","42.667","37.181","0.63","0","252.4","1173.333","0","0","0","4","4","0","2","27023.4","2.79","false","Measured route coverage and sample protocol sufficient for review; class/map balance still requires cohort judgment.","deepField","false","2.79","true","1","25606","30122.6","9463.733","29.867","7.333","64082.467","42.867","0.467","0","28.8","252.4","111.544","1.889","0","38.222","4.737","19560","42.011","42.011","true","true","requires-tuning","Ashglass Pass"
"ashglassPass","50","guardian","false","main","3","true","23719.4","23719.4","36.4","34.863","0.237","0","140.4","885.333","0","0","0","4","4","0","2","26280.867","-9.747","false","Measured route coverage and sample protocol sufficient for review; class/map balance still requires cohort judgment.","deepField","false","-9.747","true","1","23230","24136.8","8168.733","35.733","5.533","61691.4","51.333","0.533","0","15.2","140.4","104.589","0.711","0","61.574","33.848","19249.2","23.223","23.223","true","true","requires-tuning","Ashglass Pass"
"ashglassPass","50","berserker","false","main","3","true","23649.533","23649.533","36.267","38.607","0.307","0","203.733","896","0","0","0","4","4","0","2","26618.933","-11.155","false","Measured route coverage and sample protocol sufficient for review; class/map balance still requires cohort judgment.","deepField","false","-11.155","true","1","22910.2","24673.4","8087.333","36.4","5.6","59446","52.333","0.6","0","16.133","203.733","115.822","0.922","0","63.585","32.511","19029.067","24.281","24.281","true","true","requires-tuning","Ashglass Pass"
"ashglassPass","50","duelist","false","main","3","true","22701.533","22701.533","34.8","32.296","0.548","0","287.933","842.667","0","0","0","4","4","0","2","23718.267","-4.287","false","Measured route coverage and sample protocol sufficient for review; class/map balance still requires cohort judgment.","deepField","false","-4.287","true","1","21947.6","23688.2","7857.4","35.4","5.267","51815.6","49.733","0.533","0.133","52.133","287.933","96.889","1.645","0","55.67","32.333","19455.467","16.685","16.685","true","true","requires-tuning","Ashglass Pass"
"ashglassPass","50","fireMage","false","main","3","true","27105.733","27105.733","41.667","46.519","1.17","0","159.867","1024","0","0","0","4","4","0","2","29720.4","-8.798","false","Measured route coverage and sample protocol sufficient for review; class/map balance still requires cohort judgment.","deepField","false","-8.798","true","1","25141.8","28576","9246.733","31.8","6.4","61351.6","44.733","0.467","0","0","159.867","139.556","3.511","0","49.844","8.622","22290.8","21.601","21.601","true","true","requires-tuning","Ashglass Pass"
"ashglassPass","50","runeMage","false","main","3","true","26856.667","26856.667","41.2","41.185","1.078","0","189.067","1024","0","0","0","4","4","0","2","27978.867","-4.011","false","Measured route coverage and sample protocol sufficient for review; class/map balance still requires cohort judgment.","deepField","false","-4.011","true","1","23952.2","29201.2","9213.2","37.2","6.4","64774.133","54","0.133","0.067","34.8","189.067","123.556","3.233","0","54.411","20.981","22725.867","18.177","18.177","true","true","requires-tuning","Ashglass Pass"
"ashglassPass","50","stormMage","false","main","3","true","25328.867","25328.867","38.933","35.018","0.304","0","230.333","981.333","0","0","0","4","4","0","2","25841.733","-1.985","false","Measured route coverage and sample protocol sufficient for review; class/map balance still requires cohort judgment.","deepField","false","-1.985","true","1","24281.2","25882.4","8747.933","32.867","6.133","56173.6","45.933","0.6","0.067","18.133","230.333","105.056","0.911","0","39.145","8.085","18989.133","33.386","33.386","true","true","requires-tuning","Ashglass Pass"
"ashglassPass","50","sniper","false","main","3","true","28052.133","28052.133","43.2","28.345","0.096","0","375.067","1536","0","0","0","4","4","0","2","25495.4","10.028","true","Measured route coverage and sample protocol sufficient for review; class/map balance still requires cohort judgment.","deepField","true","10.028","true","1","27716","28316.6","9574.333","32.267","9.6","64772.667","47.533","0.4","0.067","14.8","375.067","85.033","0.289","0","29.959","3.689","19411.933","44.51","44.51","true","true","within-numerical-targets","Ashglass Pass"
"ashglassPass","50","trapper","false","main","3","true","25087.8","25087.8","38.667","35.929","0.548","0","257.867","896","0","0","0","4","4","0.2","2","25537.2","-1.76","false","Measured route coverage and sample protocol sufficient for review; class/map balance still requires cohort judgment.","deepField","false","-1.76","true","1","24402","25459.2","8645.133","36.533","5.6","54330.467","53.2","0.6","0","29.467","257.867","107.789","1.644","0","58.052","27.948","18012.267","39.282","39.282","true","true","requires-tuning","Ashglass Pass"
"ashglassPass","50","beastArcher","false","main","3","true","26476.933","26476.933","40.733","25.385","0.163","0","320.8","821.333","0","0","0","4","4","0","2","25927.267","2.12","true","Measured route coverage and sample protocol sufficient for review; class/map balance still requires cohort judgment.","deepField","false","2.12","true","1","25512.4","27931.6","9118.467","29.2","5.133","60938.333","40.2","0.467","0","51.6","320.8","76.156","0.489","0","28.574","5.155","17805.8","48.698","48.698","true","true","requires-tuning","Ashglass Pass"
"ashglassPass","50","fighter","true","main","3","true","23570.867","39233.667","35.867","37.537","0.311","0","203.267","874.667","0","86","114.811","4","4","0.1","2","26058","-9.545","false","Measured route coverage and sample protocol sufficient for review; class/map balance still requires cohort judgment.","deepField","false","-9.545","true","1","22379.2","24172.4","8129.467","35.933","5.467","57206.667","51.333","0.267","0.067","17.6","203.267","112.611","0.933","0","62.211","35.493","19930.133","18.267","18.267","true","true","requires-tuning","Ashglass Pass"
"frostfenOutskirts","50","fighter","false","main","3","true","25016.933","25016.933","36.867","29.8","0","0","307.4","992","0","0","0","4","4","0.411","2","25016.933","0","true","Measured route coverage and sample protocol sufficient for review; class/map balance still requires cohort judgment.","trainingField","true",,"true","1","24254","25634","8227.267","36.733","6.2","53115.333","52.867","0.4","0.067","57.067","307.4","89.4","0","0","58.715","38.359","22008.067","13.672","13.672","true","true","within-numerical-targets","Frostfen Outskirts"
"frostfenOutskirts","50","mage","false","main","3","true","24981.933","24981.933","36.933","22.426","0","0","391.133","1045.333","0","0","0","4","4","0.689","2","24981.933","0","true","Measured route coverage and sample protocol sufficient for review; class/map balance still requires cohort judgment.","trainingField","true",,"true","1","24180.2","25447.8","8115.533","28.4","6.533","54018.6","39.2","0.667","0.2","40.933","391.133","67.278","0","0","40.67","19.27","22115.933","12.959","12.959","true","true","within-numerical-targets","Frostfen Outskirts"
"frostfenOutskirts","50","archer","false","main","3","true","27023.4","27023.4","40.267","22.478","0","0","417.6","1226.667","0","0","0","4","4","0","2","27023.4","0","true","Measured route coverage and sample protocol sufficient for review; class/map balance still requires cohort judgment.","trainingField","true",,"true","1","23928.4","30250.8","8973.667","25.8","7.667","60319.6","36.667","0.533","0.067","13.333","417.6","67.433","0","0","34.459","13.526","20526.933","31.649","31.649","true","true","within-numerical-targets","Frostfen Outskirts"
"frostfenOutskirts","50","guardian","false","main","3","true","26280.867","26280.867","38.6","26.874","0","0","187.333","917.333","0","0","0","4","4","0","2","26280.867","0","true","Measured route coverage and sample protocol sufficient for review; class/map balance still requires cohort judgment.","trainingField","true",,"true","1","25944.2","26624.6","8772.733","38.8","5.733","63757.933","54","0.467","0.267","37.6","187.333","80.622","0","0","61.152","39.407","22441.133","17.11","17.11","true","true","within-numerical-targets","Frostfen Outskirts"
"frostfenOutskirts","50","berserker","false","main","3","true","26618.933","26618.933","39.133","30.185","0","0","304.733","896","0","0","0","4","4","0","2","26618.933","0","false","Measured route coverage and sample protocol sufficient for review; class/map balance still requires cohort judgment.","trainingField","true",,"true","1","26035.2","27784","8840.333","36.467","5.6","62783.467","49.867","0.6","0.333","62.933","304.733","90.556","0","0","61.967","38.489","21810","22.049","22.049","true","true","requires-tuning","Frostfen Outskirts"
"frostfenOutskirts","50","duelist","false","main","3","true","23718.267","23718.267","34.733","25.356","0","0","369.8","917.333","0","0","0","4","4","0","2","23718.267","0","true","Measured route coverage and sample protocol sufficient for review; class/map balance still requires cohort judgment.","trainingField","true",,"true","1","22360.4","24970.6","7803.467","34","5.733","52546.067","48.933","0.4","0.067","16.4","369.8","76.067","0","0","54.63","36.678","20919.4","13.379","13.379","true","true","within-numerical-targets","Frostfen Outskirts"
"frostfenOutskirts","50","fireMage","false","main","3","true","29720.4","29720.4","43.467","28.563","0","0","341.8","1130.667","0","0","0","4","4","0","2","29720.4","0","true","Measured route coverage and sample protocol sufficient for review; class/map balance still requires cohort judgment.","trainingField","true",,"true","1","28586.4","31719.6","9703.933","29","7.067","66176.867","41.333","0.467","0.2","43.733","341.8","85.689","0","0","44.956","19.3","24676.067","20.442","20.442","true","true","within-numerical-targets","Frostfen Outskirts"
"frostfenOutskirts","50","runeMage","false","main","3","true","27978.867","27978.867","40.333","30.426","0","0","399.8","1120","0","0","0","4","4","0","2","27978.867","0","false","Measured route coverage and sample protocol sufficient for review; class/map balance still requires cohort judgment.","trainingField","true",,"true","1","26502.8","28746.4","9062.4","31.733","7","66202.067","44.2","0.333","0.2","40.933","399.8","91.278","0","0","54.478","30.367","25222.4","10.929","10.929","true","true","requires-tuning","Frostfen Outskirts"
"frostfenOutskirts","50","stormMage","false","main","3","true","25841.733","25841.733","37.533","23.122","0","0","464.533","1077.333","0","0","0","4","4","0.511","2","25841.733","0","true","Measured route coverage and sample protocol sufficient for review; class/map balance still requires cohort judgment.","trainingField","true",,"true","1","25350.4","26617.6","8414.867","26.667","6.733","53939","37.933","0.133","0.067","14.133","464.533","69.366","0","0","39.219","18.17","23062.867","12.049","12.049","true","true","within-numerical-targets","Frostfen Outskirts"
"frostfenOutskirts","50","sniper","false","main","3","true","25495.4","25495.4","37.4","19.259","0","0","486.333","1504","0","0","0","4","4","0","2","25495.4","0","true","Measured route coverage and sample protocol sufficient for review; class/map balance still requires cohort judgment.","trainingField","true",,"true","1","23978","26903.2","8352.333","22.2","9.4","56142.467","29.867","0.333","0.067","3.2","486.333","57.778","0","0","31.567","12.663","20346.4","25.307","25.307","true","true","within-numerical-targets","Frostfen Outskirts"
"frostfenOutskirts","50","trapper","false","main","3","true","25537.2","25537.2","37.067","28.396","0","0","395.133","938.667","0","0","0","4","4","0","2","25537.2","0","true","Measured route coverage and sample protocol sufficient for review; class/map balance still requires cohort judgment.","trainingField","true",,"true","1","25257","26060.6","8450.2","34.267","5.867","54394.4","47.267","0.333","0","12.533","395.133","85.189","0","0","58.307","33.004","23377.933","9.236","9.236","true","true","within-numerical-targets","Frostfen Outskirts"
"frostfenOutskirts","50","beastArcher","false","main","3","true","25927.267","25927.267","38.133","18.4","0","0","619.267","810.667","0","0","0","4","4","0.044","2","25927.267","0","true","Measured route coverage and sample protocol sufficient for review; class/map balance still requires cohort judgment.","trainingField","true",,"true","1","24686.4","26719.2","8534.8","27.6","5.067","55760.333","38.533","0.4","0.067","12.8","619.267","55.2","0","0","31.33","11.978","17495.333","48.195","48.195","true","true","within-numerical-targets","Frostfen Outskirts"
"frostfenOutskirts","50","fighter","true","main","3","true","26058","43308.533","38.867","27.304","0","0","297.6","949.333","0","64","85.333","4","4","1.511","2","26058","0","true","Measured route coverage and sample protocol sufficient for review; class/map balance still requires cohort judgment.","trainingField","true",,"true","1","25723.4","26237.8","8699.333","36.933","5.933","60539.267","52.667","0.533","0.133","82.133","297.6","81.911","0","0","60.4","43.033","22719.667","14.694","14.694","true","true","within-numerical-targets","Frostfen Outskirts"
"glacierSpine","60","fighter","false","main","3","true","31858","31858","38.133","22.381","0.056","0","785.933","1322.667","0","0","0","4","4","0","2","30281.3665","5.207","true","Measured route coverage and sample protocol sufficient for review; class/map balance still requires cohort judgment.","deepField","true",,"true","2","30650.2","32546.2","10294.667","38.333","8.267","81822.667","53.667","0.867","0.067","12","785.933","67.144","0.167","0","51.111","37.941","28771.6","10.727","10.727","true","true","within-numerical-targets","Glacier Spine"
"glacierSpine","60","mage","false","main","3","true","29009.867","29009.867","34.8","21.83","0","0","1256","1525.333","0","0","0","4","4","0.367","2","29106.367","-0.332","true","Measured route coverage and sample protocol sufficient for review; class/map balance still requires cohort judgment.","deepField","true",,"true","2","28119.2","29772.4","9262.267","30.533","9.533","75747.467","44.2","0.133","0.133","29.733","1256","65.489","0","0","37.185","12.033","24497.2","18.421","18.421","true","true","within-numerical-targets","Glacier Spine"
"glacierSpine","60","archer","false","main","3","true","30398.2","30398.2","36.467","19.844","0","0","1369.533","1792","0","0","0","4","4","0.078","2","29775.766499999998","2.09","true","Measured route coverage and sample protocol sufficient for review; class/map balance still requires cohort judgment.","deepField","true",,"true","2","28292.4","33359.6","9689.333","30.533","11.2","80353.267","42.733","0.733","0.067","25.467","1369.533","59.533","0","0","33.367","10.819","23529.533","29.192","29.192","true","true","within-numerical-targets","Glacier Spine"
"glacierSpine","60","guardian","false","main","3","true","35885.333","35885.333","43.133","25.604","0.015","0","405.467","928","0","0","0","4","4","0","2","32832.7665","9.297","true","Measured route coverage and sample protocol sufficient for review; class/map balance still requires cohort judgment.","deepField","true",,"true","2","34141","37398.4","11429.4","42.4","5.8","106995.667","59.8","0.933","0.067","38.133","405.467","76.811","0.044","0","56.196","35.378","31143.733","15.225","15.225","true","true","within-numerical-targets","Glacier Spine"
"glacierSpine","60","berserker","false","main","3","true","34456.2","34456.2","41.067","26.622","0","0","541.867","938.667","0","0","0","4","4","0.622","2","31977.699999999997","7.751","true","Measured route coverage and sample protocol sufficient for review; class/map balance still requires cohort judgment.","deepField","true",,"true","2","33657","35142.8","10962.733","40.133","5.867","95474.933","56.333","0.333","0.267","56.667","541.867","79.867","0","0","55.97","35.537","29775.067","15.722","15.722","true","true","within-numerical-targets","Glacier Spine"
"glacierSpine","60","duelist","false","main","3","true","28602.867","28602.867","34.267","19.633","0","0","935.533","1216","0","0","0","4","4","0.033","2","27848.6335","2.708","true","Measured route coverage and sample protocol sufficient for review; class/map balance still requires cohort judgment.","deepField","true",,"true","2","27361","30503.6","9066.6","33.667","7.6","76409.933","48","0.467","0","0","935.533","58.9","0","0","45.022","30.393","26076.133","9.69","9.69","true","true","within-numerical-targets","Glacier Spine"
"glacierSpine","60","fireMage","false","main","3","true","37069.533","37069.533","44.267","27.459","0","0","798.933","1408","0","0","0","4","4","0.111","2","35946.833","3.123","true","Measured route coverage and sample protocol sufficient for review; class/map balance still requires cohort judgment.","deepField","true",,"true","2","35709.4","38229.6","11793.6","37.533","8.8","99248.2","51.667","0.533","0.2","53.867","798.933","82.378","0","0","43.319","17.204","32030.4","15.732","15.732","true","true","within-numerical-targets","Glacier Spine"
"glacierSpine","60","runeMage","false","main","3","true","35236.067","35236.067","42.267","29.267","0","0","887.6","1312","0","0","0","4","4","5.878","2","35171.9","0.182","true","Measured route coverage and sample protocol sufficient for review; class/map balance still requires cohort judgment.","deepField","true",,"true","2","32870.2","36438.4","11214.733","35.867","8.2","96800.4","49.6","0.467","0.067","15.2","887.6","87.8","0","0","56.044","31.774","34524.733","2.06","2.06","true","true","within-numerical-targets","Glacier Spine"
"glacierSpine","60","stormMage","false","main","3","true","30515.2","30515.2","36.2","22.807","0","0","912.2","1333.333","0","0","0","4","4","0","2","30622.4","-0.35","true","Measured route coverage and sample protocol sufficient for review; class/map balance still requires cohort judgment.","deepField","true",,"true","2","29404","31662.6","9633.733","31.867","8.333","76722.4","43.667","0.533","0.067","14.4","912.2","68.422","0","0","33.326","9.852","26404.8","15.567","15.567","true","true","within-numerical-targets","Glacier Spine"
"glacierSpine","60","sniper","false","main","3","true","26405.133","26405.133","31.733","18.745","0","0","1386.133","1952","0","0","0","4","4","0","2","27752.333","-4.854","true","Measured route coverage and sample protocol sufficient for review; class/map balance still requires cohort judgment.","deepField","true",,"true","2","25572","27486","8458.4","29.933","12.2","70589.933","43.333","0.6","0","0","1386.133","56.233","0","0","29.233","6.589","23335.6","13.154","13.154","true","true","within-numerical-targets","Glacier Spine"
"glacierSpine","60","trapper","false","main","3","true","35035.467","35035.467","42","26.652","0","0","764.467","1258.667","0","0","0","4","4","3.333","2","34433.633499999996","1.748","true","Measured route coverage and sample protocol sufficient for review; class/map balance still requires cohort judgment.","deepField","true",,"true","2","34599.8","35349.4","11120.133","37.933","7.867","89420","53.8","0.867","0.133","24","764.467","79.956","0","0","58.641","34.678","31383.467","11.637","11.637","true","true","within-numerical-targets","Glacier Spine"
"glacierSpine","60","beastArcher","false","main","3","true","25593.467","25593.467","31","19.859","0","0","1467.2","1216","0","0","0","4","4","1.411","2","27187.7","-5.864","true","Measured route coverage and sample protocol sufficient for review; class/map balance still requires cohort judgment.","deepField","true",,"true","2","25264","26110.6","8141.6","28.133","7.6","63553.733","40.467","0.267","0","28","1467.2","59.578","0","0","32.685","10.363","20759.133","23.288","23.288","true","true","within-numerical-targets","Glacier Spine"
"glacierSpine","60","fighter","true","main","3","true","37084.867","61758.467","44.333","22.815","0.03","0","651.733","1248","0","79","106.789","4","4","0.122","2","35528.3335","4.381","true","Measured route coverage and sample protocol sufficient for review; class/map balance still requires cohort judgment.","deepField","true",,"true","2","34549.6","38419.4","11730","42.267","7.8","100311.333","59.6","0.867","0.067","40.8","651.733","68.444","0.089","0","49.548","36.748","30640.133","21.034","21.034","true","true","within-numerical-targets","Glacier Spine"
"stormbreakCliffs","60","fighter","false","main","3","true","28704.733","28704.733","31.933","41.096","0.03","0","510.733","1130.667","0","0","0","4","4","0","2","30281.3665","-5.207","false","Measured route coverage and sample protocol sufficient for review; class/map balance still requires cohort judgment.","deepField","true",,"true","2","27986.2","29721.6","8397.467","30.667","7.067","68317.667","45.067","0.133","0.067","20.667","510.733","123.289","0.089","227.067","58.344","27.159","24374.8","17.764","17.764","true","true","requires-tuning","Stormbreak Cliffs"
"stormbreakCliffs","60","mage","false","main","3","true","29202.867","29202.867","32.6","37.259","0.182","0","405.267","1066.667","0","0","0","4","4","0","2","29106.367","0.332","false","Measured route coverage and sample protocol sufficient for review; class/map balance still requires cohort judgment.","deepField","true",,"true","2","28969","29357.2","8794.2","28.6","6.667","67807.6","40.333","0.533","0.067","2.533","405.267","111.778","0.544","248.533","43.885","8.63","24533","19.035","19.035","true","true","requires-tuning","Stormbreak Cliffs"
"stormbreakCliffs","60","archer","false","main","3","true","29153.333","29153.333","32.4","38.752","0.093","0","369.267","1226.667","0","0","0","4","4","0","2","29775.766499999998","-2.09","false","Measured route coverage and sample protocol sufficient for review; class/map balance still requires cohort judgment.","deepField","true",,"true","2","27446.2","31565.2","8547.6","26","7.667","68099.067","36.6","0.533","0","0","369.267","116.256","0.278","267.067","43.7","7.541","19878.8","46.655","46.655","true","true","requires-tuning","Stormbreak Cliffs"
"stormbreakCliffs","60","guardian","false","main","3","true","29780.2","29780.2","33.267","50.678","0.004","0","251.333","864","0","0","0","4","4","0.033","2","32832.7665","-9.297","false","Measured route coverage and sample protocol sufficient for review; class/map balance still requires cohort judgment.","deepField","true",,"true","2","29566.2","30135.4","8880.4","31.867","5.4","78363.933","44.867","0.467","0.133","3.067","251.333","152.033","0.011","204.8","66.956","22.252","26044.267","14.345","14.345","true","true","requires-tuning","Stormbreak Cliffs"
"stormbreakCliffs","60","berserker","false","main","3","true","29499.2","29499.2","33.067","46.47","0.052","0","464.667","874.667","0","0","0","4","4","0","2","31977.699999999997","-7.751","false","Measured route coverage and sample protocol sufficient for review; class/map balance still requires cohort judgment.","deepField","true",,"true","2","27020.2","31287.8","8843","32.333","5.467","73093.733","46.8","0.267","0.133","23.8","464.667","139.411","0.156","190.067","64.615","25.789","25504.067","15.665","15.665","true","true","requires-tuning","Stormbreak Cliffs"
"stormbreakCliffs","60","duelist","false","main","3","true","27094.4","27094.4","30.267","38.244","0","0","553.4","981.333","0","0","0","4","4","0","2","27848.6335","-2.708","false","Measured route coverage and sample protocol sufficient for review; class/map balance still requires cohort judgment.","deepField","true",,"true","2","25734.4","28006.8","8049.067","30.2","6.133","62614.667","42.667","0.6","0.067","28.333","553.4","114.733","0","240.667","55.763","25.841","25108.267","7.91","7.91","true","true","requires-tuning","Stormbreak Cliffs"
"stormbreakCliffs","60","fireMage","false","main","3","true","34824.133","34824.133","38.867","48.919","0.37","0","243.133","1024","0","0","0","4","4","0","2","35946.833","-3.123","false","Measured route coverage and sample protocol sufficient for review; class/map balance still requires cohort judgment.","deepField","true",,"true","2","33856","35625.6","10300.267","30.867","6.4","84579.733","42.733","0.467","0.2","71.2","243.133","146.756","1.111","307.133","52.037","7.604","27714.133","25.655","25.655","true","true","requires-tuning","Stormbreak Cliffs"
"stormbreakCliffs","60","runeMage","false","main","3","true","35107.733","35107.733","39.267","47.696","0.152","0","311.2","1088","0","0","0","4","4","0","2","35171.9","-0.182","false","Measured route coverage and sample protocol sufficient for review; class/map balance still requires cohort judgment.","deepField","true",,"true","2","33695.2","36602.2","10519.533","33","6.8","88341.133","45.8","0.8","0","10.8","311.2","143.089","0.455","470.533","57.074","15.507","32202","9.023","9.023","true","true","requires-tuning","Stormbreak Cliffs"
"stormbreakCliffs","60","stormMage","false","main","3","true","30729.6","30729.6","34.4","35.915","0.185","0","296.067","981.333","0","0","0","4","4","0","2","30622.4","0.35","false","Measured route coverage and sample protocol sufficient for review; class/map balance still requires cohort judgment.","deepField","true",,"true","2","29890.6","31636.8","8977.467","28.733","6.133","68213.2","40.667","0.467","0","13.333","296.067","107.745","0.556","645.933","42.778","9.393","27329.133","12.443","12.443","true","true","requires-tuning","Stormbreak Cliffs"
"stormbreakCliffs","60","sniper","false","main","3","true","29099.533","29099.533","32.267","33.83","0.193","0","483.933","1504","0","0","0","4","4","0","2","27752.333","4.854","false","Measured route coverage and sample protocol sufficient for review; class/map balance still requires cohort judgment.","deepField","true",,"true","2","27957.6","30421.6","8476.333","25.8","9.4","71075.2","36.867","0.267","0.067","13.333","483.933","101.489","0.578","305.8","37.448","4.463","20948.933","38.907","38.907","true","true","requires-tuning","Stormbreak Cliffs"
"stormbreakCliffs","60","trapper","false","main","3","true","33831.8","33831.8","37.8","46.678","0.148","0","234.667","938.667","0","0","0","4","4","0.433","2","34433.633499999996","-1.748","false","Measured route coverage and sample protocol sufficient for review; class/map balance still requires cohort judgment.","deepField","true",,"true","2","33252.8","34265.6","9945.533","35.2","5.867","79733.333","49.667","0.6","0.267","58.133","234.667","140.033","0.445","307.533","65.5","22.378","31167.067","8.55","8.55","true","true","requires-tuning","Stormbreak Cliffs"
"stormbreakCliffs","60","beastArcher","false","main","3","true","28781.933","28781.933","32","31.27","0.089","0","445.867","768","0","0","0","4","4","0","2","27187.7","5.864","false","Measured route coverage and sample protocol sufficient for review; class/map balance still requires cohort judgment.","deepField","true",,"true","2","28132.8","29626.8","8436.333","26.067","4.8","66292.4","36","0.467","0.267","53","445.867","93.811","0.267","197.867","35.763","5.859","18708","53.848","53.848","true","true","requires-tuning","Stormbreak Cliffs"
"stormbreakCliffs","60","fighter","true","main","3","true","33971.8","56505.2","38.133","40.381","0.007","0","508.2","1098.667","0","70","95.133","4","4","0","2","35528.3335","-4.381","false","Measured route coverage and sample protocol sufficient for review; class/map balance still requires cohort judgment.","deepField","true",,"true","2","32224.2","36004.6","10246.467","38.133","6.867","81833.467","54","0.733","0.067","1.533","508.2","121.144","0.022","246.933","59.285","29.752","30399.8","11.75","11.75","true","true","requires-tuning","Stormbreak Cliffs"
"astralArchive","85","fighter","false","main","3","true","42167.733","42167.733","31.667","25.063","0.037","0","1137.333","1520","0","0","0","4","4","0.3","2","42167.733","0","true","Measured route coverage and sample protocol sufficient for review; class/map balance still requires cohort judgment.","trainingField","true",,"true","1","40972","43229.2","11771.8","31.8","5.067","92716.6","43.8","0.467","0.067","3.067","1137.333","75.189","0.111","0","55.433","40.604","42717.467","-1.287","-1.287","true","true","within-numerical-targets","Astral Archive"
"astralArchive","85","mage","false","main","3","true","40496.067","40496.067","30.2","30.189","0.067","0","1404.667","1640","0","0","0","4","4","0","2","40496.067","0","false","Measured route coverage and sample protocol sufficient for review; class/map balance still requires cohort judgment.","trainingField","true",,"true","1","38324.4","43073","11020.867","25.8","5.467","90344.333","37.467","0.6","0.2","54.667","1404.667","90.566","0.2","0","40.77","10.296","37949.4","6.711","6.711","true","true","requires-tuning","Astral Archive"
"astralArchive","85","archer","false","main","3","true","39911.2","39911.2","30.067","27.707","0","0","1743.8","2000","0","0","0","4","4","1.734","2","39911.2","0","true","Measured route coverage and sample protocol sufficient for review; class/map balance still requires cohort judgment.","trainingField","true",,"true","1","39563.4","40488.8","10955.6","26.133","6.667","88149","37.133","0.533","0","15.867","1743.8","83.122","0","0","38.533","12.219","37515.733","6.385","6.385","true","true","within-numerical-targets","Astral Archive"
"astralArchive","85","guardian","false","main","3","true","45903.333","45903.333","34.733","33.433","0","0","563.533","920","0","0","0","4","4","0","2","45903.333","0","false","Measured route coverage and sample protocol sufficient for review; class/map balance still requires cohort judgment.","trainingField","true",,"true","1","44470","46914.8","12756","32.533","3.067","110896.467","45.867","0.2","0","16.133","563.533","100.3","0","0","64.293","38.444","45697.067","0.451","0.451","true","true","requires-tuning","Astral Archive"
"astralArchive","85","berserker","false","main","3","true","44469.533","44469.533","33.4","34.2","0.07","0","849","940","0","0","0","4","4","0","2","44469.533","0","false","Measured route coverage and sample protocol sufficient for review; class/map balance still requires cohort judgment.","trainingField","true",,"true","1","43237.6","45228.4","12467.133","32.133","3.133","103450.133","45.467","0.8","0.067","13.333","849","102.6","0.211","0","61.681","34.93","44859.867","-0.87","-0.87","true","true","requires-tuning","Astral Archive"
"astralArchive","85","duelist","false","main","3","true","39103.667","39103.667","29.467","24.292","0","0","1229.933","1440","0","0","0","4","4","0","2","39103.667","0","true","Measured route coverage and sample protocol sufficient for review; class/map balance still requires cohort judgment.","trainingField","true",,"true","1","37098","40402.4","10812","28.333","4.8","87879.6","38.667","0.533","0.067","69.867","1229.933","72.878","0","0","50.215","34.026","40135.867","-2.572","-2.572","true","true","within-numerical-targets","Astral Archive"
"astralArchive","85","fireMage","false","main","3","true","51763.2","51763.2","38.8","42.419","0.374","0","1015.067","1560","0","0","0","4","4","0.456","2","51763.2","0","false","Measured route coverage and sample protocol sufficient for review; class/map balance still requires cohort judgment.","trainingField","true",,"true","1","49239","54733.6","14065.067","29.6","5.2","117583","42.6","0.333","0.067","22.933","1015.067","127.256","1.122","0","47.641","6.856","50743.4","2.01","2.01","true","true","requires-tuning","Astral Archive"
"astralArchive","85","runeMage","false","main","3","true","50331.467","50331.467","37.867","39.633","0.326","0","1196.267","1600","0","0","0","4","4","0.667","2","50331.467","0","false","Measured route coverage and sample protocol sufficient for review; class/map balance still requires cohort judgment.","trainingField","true",,"true","1","46215.6","54038.2","13827.333","30.733","5.333","118965.6","43.4","0.133","0.333","88.4","1196.267","118.9","0.978","0","54.893","20.926","47876.8","5.127","5.127","true","true","requires-tuning","Astral Archive"
"astralArchive","85","stormMage","false","main","3","true","42492.933","42492.933","31.8","27.089","0.211","0","1217.933","1560","0","0","0","4","4","1.322","2","42492.933","0","true","Measured route coverage and sample protocol sufficient for review; class/map balance still requires cohort judgment.","trainingField","true",,"true","1","40722.2","44194.8","11705.467","26.533","5.2","89759.867","38.467","0.4","0.133","43.2","1217.933","81.267","0.633","0","37.674","12.207","39809.6","6.74","6.74","true","true","within-numerical-targets","Astral Archive"
"astralArchive","85","sniper","false","main","3","true","38485.133","38485.133","28.667","27.433","0","0","1637.333","2200","0","0","0","4","4","0.811","2","38485.133","0","true","Measured route coverage and sample protocol sufficient for review; class/map balance still requires cohort judgment.","trainingField","true",,"true","1","38101.8","38724.4","10503.133","23.2","7.333","89327.467","33.667","0.267","0","0","1637.333","82.3","0","0","34.493","7.581","34315.067","12.152","12.152","true","true","within-numerical-targets","Astral Archive"
"astralArchive","85","trapper","false","main","3","true","50227.733","50227.733","37.933","34.778","0.089","0","1208.4","1580","0","0","0","4","4","4.767","2","50227.733","0","false","Measured route coverage and sample protocol sufficient for review; class/map balance still requires cohort judgment.","trainingField","true",,"true","1","48866.8","51589.2","13995.467","32.4","5.267","114888.267","46","0.467","0.133","36.533","1208.4","104.333","0.267","0","59.515","31.644","49346.267","1.786","1.786","true","true","requires-tuning","Astral Archive"
"astralArchive","85","beastArcher","false","main","3","true","34539.067","34539.067","25.667","24.733","0","0","1587.8","1260","0","0","0","4","4","3.811","2","34539.067","0","true","Measured route coverage and sample protocol sufficient for review; class/map balance still requires cohort judgment.","trainingField","true",,"true","1","33962","35607.8","9382.933","22.8","4.2","77326.733","32.4","0.2","0.067","19.333","1587.8","74.2","0","0","33.293","9.159","33086.333","4.391","4.391","true","true","within-numerical-targets","Astral Archive"
"astralArchive","85","fighter","true","main","3","true","44608.133","74229.4","33.667","26.522","0","0","963.133","1380","0","83","109.444","4","4","0.1","2","44608.133","0","true","Measured route coverage and sample protocol sufficient for review; class/map balance still requires cohort judgment.","trainingField","true",,"true","1","43790.4","45816.6","12328.667","32.533","4.6","99353.933","45.533","1","0","0","963.133","79.567","0","0","61.381","45.474","47021.667","-5.133","-5.133","true","true","within-numerical-targets","Astral Archive"
"eclipseFrontier","85","fighter","false","main","3","true","44888","44888","33.733","23.074","0","0","859.933","1400","0","0","0","4","4","0","2","42167.733","6.451","true","Measured route coverage and sample protocol sufficient for review; class/map balance still requires cohort judgment.","deepField","false","6.451","true","1","42991.8","46049","12439.533","33.467","4.667","109443.067","47.467","0.6","0.067","23.6","859.933","69.222","0","0","48.148","34.648","36834.333","21.865","21.865","true","true","requires-tuning","Eclipse Frontier"
"eclipseFrontier","85","mage","false","main","3","true","41643.6","41643.6","31.133","25.544","0.041","0","1129.6","1560","0","0","0","4","4","0","2","40496.067","2.834","true","Measured route coverage and sample protocol sufficient for review; class/map balance still requires cohort judgment.","deepField","false","2.834","true","1","40255","43728.6","11498.933","28.133","5.2","100488.267","38.533","0.4","0.133","53.333","1129.6","76.633","0.122","0","35.526","9.841","34431.733","20.945","20.945","true","true","requires-tuning","Eclipse Frontier"
"eclipseFrontier","85","archer","false","main","3","true","44849.733","44849.733","33.6","25.918","0","0","1246.667","1820","0","0","0","4","4","2.011","2","39911.2","12.374","true","Measured route coverage and sample protocol sufficient for review; class/map balance still requires cohort judgment.","deepField","true","12.374","true","1","42743","47227","12376.467","28.333","6.067","109653.2","40","0.333","0.133","41.333","1246.667","77.756","0","0","32.193","7.833","26271.467","70.717","70.717","true","true","within-numerical-targets","Eclipse Frontier"
"eclipseFrontier","85","guardian","false","main","3","true","47705","47705","36.2","27.804","0","0","467.667","980","0","0","0","4","4","0","2","45903.333","3.925","true","Measured route coverage and sample protocol sufficient for review; class/map balance still requires cohort judgment.","deepField","false","3.925","true","1","46452.8","50007.4","13331.267","33.933","3.267","122496.067","48.867","0.267","0","0","467.667","83.411","0","0","57.419","37.115","41755.667","14.248","14.248","true","true","requires-tuning","Eclipse Frontier"
"eclipseFrontier","85","berserker","false","main","3","true","46983.933","46983.933","35.467","28.178","0","0","672.4","1000","0","0","0","4","4","0","2","44469.533","5.654","true","Measured route coverage and sample protocol sufficient for review; class/map balance still requires cohort judgment.","deepField","false","5.654","true","1","45690.6","47872.2","13062.867","32.4","3.333","114538.267","45.267","0.267","0","30.133","672.4","84.533","0","0","55.526","34.43","40168.333","16.968","16.968","true","true","requires-tuning","Eclipse Frontier"
"eclipseFrontier","85","duelist","false","main","3","true","41004.6","41004.6","30.733","17.919","0","0","930.4","1340","0","0","0","4","4","0.044","2","39103.667","4.861","true","Measured route coverage and sample protocol sufficient for review; class/map balance still requires cohort judgment.","deepField","false","4.861","true","1","39391.4","41923.8","11461.333","30.333","4.467","103137.267","43.867","0.267","0","0","930.4","53.755","0","0","39.259","28.359","34035.667","20.475","20.475","true","true","requires-tuning","Eclipse Frontier"
"eclipseFrontier","85","fireMage","false","main","3","true","50921.467","50921.467","38.333","37.052","0.204","0","711.867","1420","0","0","0","4","4","0.133","2","51763.2","-1.626","false","Measured route coverage and sample protocol sufficient for review; class/map balance still requires cohort judgment.","deepField","false","-1.626","true","1","47175.4","55055.6","14100.733","30.2","4.733","125119.067","43.133","0.267","0.067","2.533","711.867","111.156","0.611","0","45.011","11.022","43590.267","16.818","16.818","true","true","requires-tuning","Eclipse Frontier"
"eclipseFrontier","85","runeMage","false","main","3","true","48395.733","48395.733","36.667","35.552","0.022","0","846.533","1340","0","0","0","4","4","3.422","2","50331.467","-3.846","false","Measured route coverage and sample protocol sufficient for review; class/map balance still requires cohort judgment.","deepField","false","-3.846","true","1","47171.8","49374.2","13579.067","32.467","4.467","123600.733","46.8","0.333","0.067","34.8","846.533","106.655","0.067","0","54.63","26.589","46107.6","4.963","4.963","true","true","requires-tuning","Eclipse Frontier"
"eclipseFrontier","85","stormMage","false","main","3","true","41389.533","41389.533","30.933","23.678","0","0","748.267","1300","0","0","0","4","4","0.3","2","42492.933","-2.597","true","Measured route coverage and sample protocol sufficient for review; class/map balance still requires cohort judgment.","deepField","false","-2.597","true","1","41006","41848.8","11507.8","24.067","4.333","98831.067","32.733","0.667","0.067","33.2","748.267","71.034","0","0","31.052","9.193","35854.867","15.436","15.436","true","true","requires-tuning","Eclipse Frontier"
"eclipseFrontier","85","sniper","false","main","3","true","37888.467","37888.467","28.4","19.381","0","0","1653","2220","0","0","0","4","4","0","2","38485.133","-1.55","true","Measured route coverage and sample protocol sufficient for review; class/map balance still requires cohort judgment.","deepField","false","-1.55","true","1","36816","39913","10463.6","25.467","7.4","94754.533","35.667","0.267","0.067","18.667","1653","58.144","0","0","29.615","8.933","31522.667","20.194","20.194","true","true","requires-tuning","Eclipse Frontier"
"eclipseFrontier","85","trapper","false","main","3","true","53330.333","53330.333","40.2","27.382","0.133","0","985.267","1520","0","0","0","4","4","2.733","2","50227.733","6.177","true","Measured route coverage and sample protocol sufficient for review; class/map balance still requires cohort judgment.","deepField","false","6.177","true","1","53137","53587.8","14678.067","33.533","5.067","131250.733","48.6","0.2","0","28.933","985.267","82.144","0.4","0","52.707","31.526","47006.867","13.452","13.452","true","true","requires-tuning","Eclipse Frontier"
"eclipseFrontier","85","beastArcher","false","main","3","true","36850.333","36850.333","27.533","19.515","0","0","1645.333","1240","0","0","0","4","4","1.033","2","34539.067","6.692","true","Measured route coverage and sample protocol sufficient for review; class/map balance still requires cohort judgment.","deepField","false","6.692","true","1","36546.2","37335.8","10315.4","26.333","4.133","90185.2","37.8","0.333","0.067","2.933","1645.333","58.544","0","0","28.207","7.237","28950.2","27.289","27.289","true","true","requires-tuning","Eclipse Frontier"
"eclipseFrontier","85","fighter","true","main","3","true","50117.333","83502.133","37.467","23.856","0","0","690.333","1320","0","78","103.689","4","4","0","2","44608.133","12.35","true","Measured route coverage and sample protocol sufficient for review; class/map balance still requires cohort judgment.","deepField","true","12.35","true","1","49897","50531","13861.267","36.8","4.4","129271.667","51.333","0.467","0","0","690.333","71.567","0","0","49.567","35.844","44103.2","13.637","13.637","true","true","within-numerical-targets","Eclipse Frontier"
"eclipseFrontier","100","fighter","false","main","3","true","48703.8","48703.8","31.2","23.733","0","0","980.4","1460","0","0","0","4","4","0","1","48703.8","0","true","Measured route coverage and sample protocol sufficient for review; class/map balance still requires cohort judgment.","deepField",,,"true","1","46521.8","51077.6","13441.867","29.533","4.867","119861.8","41.8","0.467","0.067","32.533","980.4","71.2","0","0","48.185","33.959","41693.067","16.815","16.815","true","true","standalone-review","Eclipse Frontier"
"eclipseFrontier","100","mage","false","main","3","true","45773.333","45773.333","28.933","23.374","0.056","0","1376.867","1700","0","0","0","4","4","1.678","1","45773.333","0","true","Measured route coverage and sample protocol sufficient for review; class/map balance still requires cohort judgment.","deepField",,,"true","1","44568.2","46563.6","12419.8","25.8","5.667","116054.4","37.133","0.333","0","11.867","1376.867","70.122","0.167","0","30.122","5.819","37984.867","20.504","20.504","true","true","standalone-review","Eclipse Frontier"
"eclipseFrontier","100","archer","false","main","3","true","47776.533","47776.533","30.667","24.052","0","0","1683.4","2000","0","0","0","4","4","0","1","47776.533","0","true","Measured route coverage and sample protocol sufficient for review; class/map balance still requires cohort judgment.","deepField",,,"true","1","46217.4","49124.2","13199.533","27.133","6.667","117314.267","38.2","0.267","0","0","1683.4","72.155","0","0","31.752","7.296","38357.6","24.556","24.556","true","true","standalone-review","Eclipse Frontier"
"eclipseFrontier","100","guardian","false","main","3","true","53212.867","53212.867","34.2","29.885","0","0","463.933","940","0","0","0","4","4","0","1","53212.867","0","true","Measured route coverage and sample protocol sufficient for review; class/map balance still requires cohort judgment.","deepField",,,"true","1","51981","54678.4","14739.667","33.533","3.133","137935.267","47","0.267","0.067","54.8","463.933","89.655","0","0","56.633","32.715","44215.4","20.349","20.349","true","true","standalone-review","Eclipse Frontier"
"eclipseFrontier","100","berserker","false","main","3","true","51805.2","51805.2","33.4","30.418","0","0","641.867","1000","0","0","0","4","4","0","1","51805.2","0","false","Measured route coverage and sample protocol sufficient for review; class/map balance still requires cohort judgment.","deepField",,,"true","1","48903.6","53414.4","14134.933","33.267","3.333","126517.6","47.6","0.4","0.2","32.933","641.867","91.256","0","0","52.263","28.352","44882.733","15.423","15.423","true","true","standalone-review","Eclipse Frontier"
"eclipseFrontier","100","duelist","false","main","3","true","45609.2","45609.2","29.467","22.563","0","0","914.067","1300","0","0","0","4","4","0","1","45609.2","0","true","Measured route coverage and sample protocol sufficient for review; class/map balance still requires cohort judgment.","deepField",,,"true","1","43241.2","47150","12523.333","28.333","4.333","110519.6","41.133","0.4","0.133","20.8","914.067","67.689","0","0","42.848","27.833","40331.667","13.085","13.085","true","true","standalone-review","Eclipse Frontier"
"eclipseFrontier","100","fireMage","false","main","3","true","59382.133","59382.133","38.2","35.248","0.067","0","851.067","1480","0","0","0","4","4","0.3","1","59382.133","0","false","Measured route coverage and sample protocol sufficient for review; class/map balance still requires cohort judgment.","deepField",,,"true","1","57462.6","62651.6","16537.4","31.867","4.933","142444.6","44","0.4","0.133","27.067","851.067","105.744","0.2","0","43.011","10.163","49140.133","20.842","20.842","true","true","standalone-review","Eclipse Frontier"
"eclipseFrontier","100","runeMage","false","main","3","true","56097.067","56097.067","36.133","34.659","0.026","0","1074.667","1420","0","0","0","4","4","3.622","1","56097.067","0","false","Measured route coverage and sample protocol sufficient for review; class/map balance still requires cohort judgment.","deepField",,,"true","1","53466.6","57641.6","15434.733","31.067","4.733","140291.467","43.667","0.467","0.067","22.4","1074.667","103.978","0.078","0","53.993","26.9","53056.4","5.731","5.731","true","true","standalone-review","Eclipse Frontier"
"eclipseFrontier","100","stormMage","false","main","3","true","46019.067","46019.067","29.533","23.185","0.019","0","1178.867","1560","0","0","0","4","4","0","1","46019.067","0","true","Measured route coverage and sample protocol sufficient for review; class/map balance still requires cohort judgment.","deepField",,,"true","1","45200.4","47146","12654.267","24.933","5.2","107192.133","35.6","0.467","0","12.4","1178.867","69.556","0.056","0","32.263","10.474","38781.667","18.662","18.662","true","true","standalone-review","Eclipse Frontier"
"eclipseFrontier","100","sniper","false","main","3","true","45040.133","45040.133","28.733","20.892","0","0","1668.6","2180","0","0","0","4","4","0.222","1","45040.133","0","true","Measured route coverage and sample protocol sufficient for review; class/map balance still requires cohort judgment.","deepField",,,"true","1","43609.4","47263","12394.267","25.667","7.267","113571.6","36.8","0.333","0","12.533","1668.6","62.678","0","0","29.537","8.556","34820","29.351","29.351","true","true","standalone-review","Eclipse Frontier"
"eclipseFrontier","100","trapper","false","main","3","true","59860.6","59860.6","38.667","31.1","0.048","0","1088.667","1540","0","0","0","4","4","5.145","1","59860.6","0","false","Measured route coverage and sample protocol sufficient for review; class/map balance still requires cohort judgment.","deepField",,,"true","1","56347.6","63193.8","16488.533","33.133","5.133","144323.333","47.2","0.6","0","0","1088.667","93.3","0.144","0","54.348","28.974","51059.867","17.236","17.236","true","true","standalone-review","Eclipse Frontier"
"eclipseFrontier","100","beastArcher","false","main","3","true","44755","44755","28.667","19.148","0","0","1985.333","1360","0","0","0","4","4","0","1","44755","0","true","Measured route coverage and sample protocol sufficient for review; class/map balance still requires cohort judgment.","deepField",,,"true","1","43630.8","46464.8","12298.4","24.8","4.533","108925.467","35.6","0.133","0","14.533","1985.333","57.444","0","0","26.396","5.411","32856","36.216","36.216","true","true","standalone-review","Eclipse Frontier"
"eclipseFrontier","100","fighter","true","main","3","true","55028.333","91609.667","35.4","24.234","0","0","951.133","1460","0","83","111.022","4","4","0","1","55028.333","0","true","Measured route coverage and sample protocol sufficient for review; class/map balance still requires cohort judgment.","deepField",,,"true","1","54516.6","55901.8","15320.8","35.8","4.867","138956.133","51.533","0.333","0.133","55.467","951.133","72.7","0","0","50.756","36.859","48788.8","12.789","12.789","true","true","standalone-review","Eclipse Frontier"
"endlessRift","100","fighter","false","main","3","true","49468.8","49468.8","22.6","28.689","0","0","1753.4","1860","0","0","0","8","8","0","0",,,"true","Measured route coverage and sample protocol sufficient for review; class/map balance still requires cohort judgment.","endlessField",,,"true","0","48021.8","50619.4","13363.4","20.533","6.2","112706","28.2","0.6","0.067","15.067","1753.4","86.067","0","0","53.867","33.148","55310.867","-10.562","-10.562","true","true","special-route-review","Endless Rift"
"endlessRift","100","mage","false","main","3","true","48251.733","48251.733","22.733","28.515","0","0","2849.667","2440","0","0","0","8","8","0.167","0",,,"true","Measured route coverage and sample protocol sufficient for review; class/map balance still requires cohort judgment.","endlessField",,,"true","0","47253.8","50062.4","13378.8","16.733","8.133","109981.6","22.867","0.4","0.067","2.4","2849.667","85.544","0","0","40.644","10.596","46198.733","4.444","4.444","true","true","special-route-review","Endless Rift"
"endlessRift","100","archer","false","main","3","true","52631.8","52631.8","23.933","28.685","0","0","2939.333","2640","0","0","0","8","8","0","0",,,"true","Measured route coverage and sample protocol sufficient for review; class/map balance still requires cohort judgment.","endlessField",,,"true","0","50885.4","53677.8","14570.533","18.067","8.8","118594.133","24.933","0.267","0","28.4","2939.333","86.056","0","0","39.307","10.048","57153","-7.911","-7.911","true","true","special-route-review","Endless Rift"
"endlessRift","100","guardian","false","main","3","true","55467.733","55467.733","25.2","34.604","0","0","1086.667","880","0","0","0","8","8","0.833","0",,,"false","Measured route coverage and sample protocol sufficient for review; class/map balance still requires cohort judgment.","endlessField",,,"true","0","52552.8","57803","15165.6","20.867","2.933","138666.6","29.533","0.467","0.133","24.533","1086.667","103.811","0","0","60.122","30.533","63137.8","-12.148","-12.148","true","true","special-route-review","Endless Rift"
"endlessRift","100","berserker","false","main","3","true","53955.267","53955.267","25.667","32.541","0.019","0","1294.267","920","0","0","0","8","8","0","0",,,"false","Measured route coverage and sample protocol sufficient for review; class/map balance still requires cohort judgment.","endlessField",,,"true","0","50421.8","60015","15171.067","20.6","3.067","124627.133","28.467","0.2","0","0","1294.267","97.622","0.056","0","58.444","31.485","67253.133","-19.773","-19.773","true","true","special-route-review","Endless Rift"
"endlessRift","100","duelist","false","main","3","true","46062.133","46062.133","21.133","25.389","0.104","0","1969.8","1760","0","0","0","8","8","0","0",,,"true","Measured route coverage and sample protocol sufficient for review; class/map balance still requires cohort judgment.","endlessField",,,"true","0","43119","48756","12689","18.267","5.867","110933","25.333","0.467","0","13.067","1969.8","76.167","0.311","0","49.348","29.819","57280.533","-19.585","-19.585","true","true","special-route-review","Endless Rift"
"endlessRift","100","fireMage","false","main","3","true","63847","63847","28.8","39.263","0","0","1904.667","1920","0","0","0","8","8","0","0",,,"false","Measured route coverage and sample protocol sufficient for review; class/map balance still requires cohort judgment.","endlessField",,,"true","0","62263.2","66979.2","17644.933","20.667","6.4","143275.6","29.067","0.333","0.067","29.6","1904.667","117.789","0","0","48.815","10.593","67233.267","-5.037","-5.037","true","true","special-route-review","Endless Rift"
"endlessRift","100","runeMage","false","main","3","true","63183.6","63183.6","28.8","38.774","0.048","0","1888.6","1940","0","0","0","8","8","1.255","0",,,"false","Measured route coverage and sample protocol sufficient for review; class/map balance still requires cohort judgment.","endlessField",,,"true","0","61853.6","65219.4","17559.467","20.533","6.467","146179.8","29.067","0.267","0.067","14.667","1888.6","116.322","0.144","0","54.87","21.222","71829.4","-12.037","-12.037","true","true","special-route-review","Endless Rift"
"endlessRift","100","stormMage","false","main","3","true","49039.733","49039.733","22.933","28.011","0","0","2450.867","2140","0","0","0","8","8","0.111","0",,,"true","Measured route coverage and sample protocol sufficient for review; class/map balance still requires cohort judgment.","endlessField",,,"true","0","47772.2","51333.8","13703.933","16.2","7.133","110041.6","22.6","0.133","0.067","17.067","2450.867","84.033","0","0","40.067","11.178","46726.467","4.951","4.951","true","true","special-route-review","Endless Rift"
"endlessRift","100","sniper","false","main","3","true","52912.133","52912.133","23.667","25.259","0.004","0","2926.067","2840","0","0","0","8","8","0","0",,,"true","Measured route coverage and sample protocol sufficient for review; class/map balance still requires cohort judgment.","endlessField",,,"true","0","48713.2","57452.2","14294.8","17.467","9.467","124032.667","24.133","0.4","0.067","24.933","2926.067","75.778","0.011","0","37.393","11.122","58373.667","-9.356","-9.356","true","true","special-route-review","Endless Rift"
"endlessRift","100","trapper","false","main","3","true","62328.4","62328.4","28","33.604","0.119","0","1817.933","1860","0","0","0","8","8","2.444","0",,,"false","Measured route coverage and sample protocol sufficient for review; class/map balance still requires cohort judgment.","endlessField",,,"true","0","60978.4","63906.6","17134.067","23.267","6.2","138919.2","32.2","0.4","0","56.667","1817.933","100.811","0.356","0","59.104","30.222","71674.533","-13.04","-13.04","true","true","special-route-review","Endless Rift"
"endlessRift","100","beastArcher","false","main","3","true","44763.333","44763.333","21.2","25.715","0.118","0","2879.2","1840","0","0","0","8","8","0","0",,,"true","Measured route coverage and sample protocol sufficient for review; class/map balance still requires cohort judgment.","endlessField",,,"true","0","40777.4","49826","12376.8","16.133","6.133","100095.6","22.467","0.267","0.067","2.133","2879.2","77.145","0.356","0","35.841","8.93","44707.133","0.126","0.126","true","true","special-route-review","Endless Rift"
"endlessRift","100","fighter","true","main","3","true","59402.6","98673.333","27.333","28.47","0","0","1712.533","1860","0","128","172.111","8","8","0.144","0",,,"true","Measured route coverage and sample protocol sufficient for review; class/map balance still requires cohort judgment.","endlessField",,,"true","0","57128.6","61816.2","16276","23.6","6.2","139587.333","34.067","0.8","0.067","2.933","1712.533","85.411","0","0","54.696","35.381","68350.467","-13.091","-13.091","true","true","special-route-review","Endless Rift"
