"scalar","mapId","level","mode","layoutRole","observedXpPerMinute","projectedXpPerMinute","beforeXpPerMinute","projectedChangeVersusBeforePercent","observedChangeVersusBeforePercent","ordinaryMedianXpPerMinute","ordinaryMedianDeviationPercent","deepPremiumPercent","targetViolationPoints","xpWithinTarget","observedKillsPerMinute","beforeKillsPerMinute"
"0.85","rustcoilRuins","19","fighter","trainingField","8744.533","8744.533","7777.467","12.434","12.434","9072.568","-3.616","","0","true","34.4","28.067"
"0.85","rustcoilRuins","19","mage","trainingField","8413.4","8413.4","7240.067","16.206","16.206","9093.52","-7.479","","0","true","33.4","26.067"
"0.85","rustcoilRuins","19","archer","trainingField","8301.8","8301.8","8003.667","3.725","3.725","9285.467","-10.594","","0","true","32.4","28.8"
"0.85","rustcoilRuins","19","party","trainingField","8833.333","8833.333","8196.4","7.771","7.771","9278.355","-4.796","","0","true","34.667","29.667"
"0.85","cinderHollow","19","fighter","trainingField","11059.533","9400.603","7807","20.412","41.662","9072.568","3.616","","0","true","35.667","25.733"
"0.85","cinderHollow","19","mage","trainingField","11498.4","9773.64","7703.533","26.872","49.261","9093.52","7.479","","0","true","37.6","25.667"
"0.85","cinderHollow","19","archer","trainingField","12081.333","10269.133","7843.933","30.918","54.021","9285.467","10.594","","0","true","39.6","26.133"
"0.85","cinderHollow","19","party","trainingField","11439.267","9723.377","7859.267","23.719","45.551","9278.355","4.796","","0","true","37.333","25.733"
"0.85","banditRidgeCamp","19","fighter","deepField","8828.8","8828.8","8974.067","-1.619","-1.619","9072.568","-2.687","-2.687","12.687","false","37.467","38.067"
"0.85","banditRidgeCamp","19","mage","deepField","9700.2","9700.2","9702.333","-0.022","-0.022","9093.52","6.672","6.672","3.328","false","41.067","41.067"
"0.85","banditRidgeCamp","19","archer","deepField","6366.467","6366.467","6617","-3.786","-3.786","9285.467","-31.436","-31.436","41.436","false","27","28.267"
"0.85","banditRidgeCamp","19","party","deepField","10100.133","10100.133","10884.067","-7.203","-7.203","9278.355","8.857","8.857","1.143","false","42.933","46.2"
"0.85","cinderHollow","28","fighter","trainingField","12165.2","10340.42","9247.533","11.818","31.551","10340.42","0","","0","true","33.2","26.067"
"0.85","cinderHollow","28","mage","trainingField","14842.867","12616.437","9546.467","32.158","55.48","12616.437","0","","0","true","40.667","26.867"
"0.85","cinderHollow","28","archer","trainingField","14421.533","12258.303","8783.867","39.555","64.182","12258.303","0","","0","true","39.4","24.667"
"0.85","cinderHollow","28","guardian","trainingField","12420.8","10557.68","8865.467","19.088","40.103","10557.68","0","","0","true","33.867","24.933"
"0.85","cinderHollow","28","berserker","trainingField","12340.2","10489.17","8572.867","22.353","43.945","10489.17","0","","0","true","33.733","24.333"
"0.85","cinderHollow","28","duelist","trainingField","12799.933","10879.943","8818.2","23.381","45.154","10879.943","0","","0","true","35.067","24.8"
"0.85","cinderHollow","28","fireMage","trainingField","13482.133","11459.813","9059.6","26.494","48.816","11459.813","0","","0","true","36.933","25.533"
"0.85","cinderHollow","28","runeMage","trainingField","13427.067","11413.007","9356.333","21.982","43.508","11413.007","0","","0","true","36.667","26.333"
"0.85","cinderHollow","28","stormMage","trainingField","13016.8","11064.28","9065.067","22.054","43.593","11064.28","0","","0","true","35.533","25.667"
"0.85","cinderHollow","28","sniper","trainingField","11625.067","9881.307","8033.267","23.005","44.712","9881.307","0","","0","true","31.733","22.733"
"0.85","cinderHollow","28","trapper","trainingField","12570.4","10684.84","8580.067","24.531","46.507","10684.84","0","","0","true","34.2","24.067"
"0.85","cinderHollow","28","beastArcher","trainingField","13161.2","11187.02","7965.467","40.444","65.228","11187.02","0","","0","true","35.933","22.4"
"0.85","cinderHollow","28","party","trainingField","13329.067","11329.707","9791.067","15.715","36.135","11329.707","0","","0","true","36.333","27.6"
"0.85","banditRidgeCamp","28","fighter","deepField","13520.667","13520.667","13086.467","3.318","3.318","10340.42","30.755","30.755","10.755","false","39.533","38.333"
"0.85","banditRidgeCamp","28","mage","deepField","14496.267","14496.267","15708.333","-7.716","-7.716","12616.437","14.9","14.9","0","true","42.4","45.8"
"0.85","banditRidgeCamp","28","archer","deepField","11558.067","11558.067","9242","25.06","25.06","12258.303","-5.712","-5.712","15.712","false","34","26.867"
"0.85","banditRidgeCamp","28","guardian","deepField","12532.933","12532.933","12122.067","3.389","3.389","10557.68","18.709","18.709","0","true","36.533","35.4"
"0.85","banditRidgeCamp","28","berserker","deepField","12437.733","12437.733","12802.067","-2.846","-2.846","10489.17","18.577","18.577","0","true","36.4","37.4"
"0.85","banditRidgeCamp","28","duelist","deepField","12869.2","12869.2","12241.6","5.127","5.127","10879.943","18.284","18.284","0","true","37.6","36"
"0.85","banditRidgeCamp","28","fireMage","deepField","14655.067","14655.067","14555.333","0.685","0.685","11459.813","27.882","27.882","7.882","false","42.933","42.467"
"0.85","banditRidgeCamp","28","runeMage","deepField","13573.733","13573.733","13399.467","1.301","1.301","11413.007","18.932","18.932","0","true","39.733","39.2"
"0.85","banditRidgeCamp","28","stormMage","deepField","13129.4","13129.4","13674.6","-3.987","-3.987","11064.28","18.665","18.665","0","true","38.533","40.133"
"0.85","banditRidgeCamp","28","sniper","deepField","7714.333","7714.333","6922.6","11.437","11.437","9881.307","-21.93","-21.93","31.93","false","22.6","20.4"
"0.85","banditRidgeCamp","28","trapper","deepField","11730.6","11730.6","11690.533","0.343","0.343","10684.84","9.787","9.787","0.213","false","34.533","34.2"
"0.85","banditRidgeCamp","28","beastArcher","deepField","8256.267","8256.267","8683.4","-4.919","-4.919","11187.02","-26.198","-26.198","36.198","false","24.2","25.467"
"0.85","banditRidgeCamp","28","party","deepField","15065.867","15065.867","15311.933","-1.607","-1.607","11329.707","32.977","32.977","12.977","false","44.067","44.667"
"0.85","orebackQuarry","28","fighter","deepField","13322.867","13322.867","11834.267","12.579","12.579","10340.42","28.843","28.843","8.843","false","30.6","28.133"
"0.85","orebackQuarry","28","mage","deepField","12782.2","12782.2","11667.867","9.55","9.55","12616.437","1.314","1.314","8.686","false","29.533","27.6"
"0.85","orebackQuarry","28","archer","deepField","14282.733","14282.733","12528.8","13.999","13.999","12258.303","16.515","16.515","0","true","32.933","29.2"
"0.85","orebackQuarry","28","guardian","deepField","11381.533","11381.533","10682.2","6.547","6.547","10557.68","7.803","7.803","2.197","false","26.733","25"
"0.85","orebackQuarry","28","berserker","deepField","12708.867","12708.867","11179.133","13.684","13.684","10489.17","21.162","21.162","1.162","false","29.267","25.933"
"0.85","orebackQuarry","28","duelist","deepField","12029.2","12029.2","10451.533","15.095","15.095","10879.943","10.563","10.563","0","true","27.733","24.733"
"0.85","orebackQuarry","28","fireMage","deepField","11855.6","11855.6","10816.333","9.608","9.608","11459.813","3.454","3.454","6.546","false","27.333","25.6"
"0.85","orebackQuarry","28","runeMage","deepField","13173.933","13173.933","11730.467","12.305","12.305","11413.007","15.429","15.429","0","true","30.4","27.667"
"0.85","orebackQuarry","28","stormMage","deepField","10308.333","10308.333","10003.667","3.046","3.046","11064.28","-6.832","-6.832","16.832","false","24.067","23.6"
"0.85","orebackQuarry","28","sniper","deepField","9017.333","9017.333","8583.533","5.054","5.054","9881.307","-8.744","-8.744","18.744","false","20.733","20.133"
"0.85","orebackQuarry","28","trapper","deepField","10997.533","10997.533","10368.333","6.068","6.068","10684.84","2.927","2.927","7.073","false","25.4","24.2"
"0.85","orebackQuarry","28","beastArcher","deepField","11094.667","11094.667","9385.8","18.207","18.207","11187.02","-0.826","-0.826","10.826","false","25.467","21.867"
"0.85","orebackQuarry","28","party","deepField","15447.267","15447.267","13895.933","11.164","11.164","11329.707","36.343","36.343","16.343","false","35.533","32.933"
"0.875","rustcoilRuins","19","fighter","trainingField","8744.533","8744.533","7777.467","12.434","12.434","9210.812","-5.062","","0","true","34.4","28.067"
"0.875","rustcoilRuins","19","mage","trainingField","8413.4","8413.4","7240.067","16.206","16.206","9237.25","-8.919","","0","true","33.4","26.067"
"0.875","rustcoilRuins","19","archer","trainingField","8301.8","8301.8","8003.667","3.725","3.725","9436.483","-12.024","","0","true","32.4","28.8"
"0.875","rustcoilRuins","19","party","trainingField","8833.333","8833.333","8196.4","7.771","7.771","9421.346","-6.241","","0","true","34.667","29.667"
"0.875","cinderHollow","19","fighter","trainingField","11059.533","9677.091","7807","23.954","41.662","9210.812","5.062","","0","true","35.667","25.733"
"0.875","cinderHollow","19","mage","trainingField","11498.4","10061.1","7703.533","30.604","49.261","9237.25","8.919","","0","true","37.6","25.667"
"0.875","cinderHollow","19","archer","trainingField","12081.333","10571.166","7843.933","34.769","54.021","9436.483","12.024","","0","true","39.6","26.133"
"0.875","cinderHollow","19","party","trainingField","11439.267","10009.359","7859.267","27.357","45.551","9421.346","6.241","","0","true","37.333","25.733"
"0.875","banditRidgeCamp","19","fighter","deepField","8828.8","8828.8","8974.067","-1.619","-1.619","9210.812","-4.147","-4.147","14.147","false","37.467","38.067"
"0.875","banditRidgeCamp","19","mage","deepField","9700.2","9700.2","9702.333","-0.022","-0.022","9237.25","5.012","5.012","4.988","false","41.067","41.067"
"0.875","banditRidgeCamp","19","archer","deepField","6366.467","6366.467","6617","-3.786","-3.786","9436.483","-32.533","-32.533","42.533","false","27","28.267"
"0.875","banditRidgeCamp","19","party","deepField","10100.133","10100.133","10884.067","-7.203","-7.203","9421.346","7.205","7.205","2.795","false","42.933","46.2"
"0.875","cinderHollow","28","fighter","trainingField","12165.2","10644.55","9247.533","15.107","31.551","10644.55","0","","0","true","33.2","26.067"
"0.875","cinderHollow","28","mage","trainingField","14842.867","12987.509","9546.467","36.045","55.48","12987.509","0","","0","true","40.667","26.867"
"0.875","cinderHollow","28","archer","trainingField","14421.533","12618.841","8783.867","43.659","64.182","12618.841","0","","0","true","39.4","24.667"
"0.875","cinderHollow","28","guardian","trainingField","12420.8","10868.2","8865.467","22.59","40.103","10868.2","0","","0","true","33.867","24.933"
"0.875","cinderHollow","28","berserker","trainingField","12340.2","10797.675","8572.867","25.952","43.945","10797.675","0","","0","true","33.733","24.333"
"0.875","cinderHollow","28","duelist","trainingField","12799.933","11199.941","8818.2","27.009","45.154","11199.941","0","","0","true","35.067","24.8"
"0.875","cinderHollow","28","fireMage","trainingField","13482.133","11796.866","9059.6","30.214","48.816","11796.866","0","","0","true","36.933","25.533"
"0.875","cinderHollow","28","runeMage","trainingField","13427.067","11748.684","9356.333","25.569","43.508","11748.684","0","","0","true","36.667","26.333"
"0.875","cinderHollow","28","stormMage","trainingField","13016.8","11389.7","9065.067","25.644","43.593","11389.7","0","","0","true","35.533","25.667"
"0.875","cinderHollow","28","sniper","trainingField","11625.067","10171.934","8033.267","26.623","44.712","10171.934","0","","0","true","31.733","22.733"
"0.875","cinderHollow","28","trapper","trainingField","12570.4","10999.1","8580.067","28.194","46.507","10999.1","0","","0","true","34.2","24.067"
"0.875","cinderHollow","28","beastArcher","trainingField","13161.2","11516.05","7965.467","44.575","65.228","11516.05","0","","0","true","35.933","22.4"
"0.875","cinderHollow","28","party","trainingField","13329.067","11662.934","9791.067","19.118","36.135","11662.934","0","","0","true","36.333","27.6"
"0.875","banditRidgeCamp","28","fighter","deepField","13520.667","13520.667","13086.467","3.318","3.318","10644.55","27.02","27.02","7.02","false","39.533","38.333"
"0.875","banditRidgeCamp","28","mage","deepField","14496.267","14496.267","15708.333","-7.716","-7.716","12987.509","11.617","11.617","0","true","42.4","45.8"
"0.875","banditRidgeCamp","28","archer","deepField","11558.067","11558.067","9242","25.06","25.06","12618.841","-8.406","-8.406","18.406","false","34","26.867"
"0.875","banditRidgeCamp","28","guardian","deepField","12532.933","12532.933","12122.067","3.389","3.389","10868.2","15.317","15.317","0","true","36.533","35.4"
"0.875","banditRidgeCamp","28","berserker","deepField","12437.733","12437.733","12802.067","-2.846","-2.846","10797.675","15.189","15.189","0","true","36.4","37.4"
"0.875","banditRidgeCamp","28","duelist","deepField","12869.2","12869.2","12241.6","5.127","5.127","11199.941","14.904","14.904","0","true","37.6","36"
"0.875","banditRidgeCamp","28","fireMage","deepField","14655.067","14655.067","14555.333","0.685","0.685","11796.866","24.228","24.228","4.228","false","42.933","42.467"
"0.875","banditRidgeCamp","28","runeMage","deepField","13573.733","13573.733","13399.467","1.301","1.301","11748.684","15.534","15.534","0","true","39.733","39.2"
"0.875","banditRidgeCamp","28","stormMage","deepField","13129.4","13129.4","13674.6","-3.987","-3.987","11389.7","15.274","15.274","0","true","38.533","40.133"
"0.875","banditRidgeCamp","28","sniper","deepField","7714.333","7714.333","6922.6","11.437","11.437","10171.934","-24.161","-24.161","34.161","false","22.6","20.4"
"0.875","banditRidgeCamp","28","trapper","deepField","11730.6","11730.6","11690.533","0.343","0.343","10999.1","6.651","6.651","3.349","false","34.533","34.2"
"0.875","banditRidgeCamp","28","beastArcher","deepField","8256.267","8256.267","8683.4","-4.919","-4.919","11516.05","-28.306","-28.306","38.306","false","24.2","25.467"
"0.875","banditRidgeCamp","28","party","deepField","15065.867","15065.867","15311.933","-1.607","-1.607","11662.934","29.177","29.177","9.177","false","44.067","44.667"
"0.875","orebackQuarry","28","fighter","deepField","13322.867","13322.867","11834.267","12.579","12.579","10644.55","25.161","25.161","5.161","false","30.6","28.133"
"0.875","orebackQuarry","28","mage","deepField","12782.2","12782.2","11667.867","9.55","9.55","12987.509","-1.581","-1.581","11.581","false","29.533","27.6"
"0.875","orebackQuarry","28","archer","deepField","14282.733","14282.733","12528.8","13.999","13.999","12618.841","13.186","13.186","0","true","32.933","29.2"
"0.875","orebackQuarry","28","guardian","deepField","11381.533","11381.533","10682.2","6.547","6.547","10868.2","4.723","4.723","5.277","false","26.733","25"
"0.875","orebackQuarry","28","berserker","deepField","12708.867","12708.867","11179.133","13.684","13.684","10797.675","17.7","17.7","0","true","29.267","25.933"
"0.875","orebackQuarry","28","duelist","deepField","12029.2","12029.2","10451.533","15.095","15.095","11199.941","7.404","7.404","2.596","false","27.733","24.733"
"0.875","orebackQuarry","28","fireMage","deepField","11855.6","11855.6","10816.333","9.608","9.608","11796.866","0.498","0.498","9.502","false","27.333","25.6"
"0.875","orebackQuarry","28","runeMage","deepField","13173.933","13173.933","11730.467","12.305","12.305","11748.684","12.131","12.131","0","true","30.4","27.667"
"0.875","orebackQuarry","28","stormMage","deepField","10308.333","10308.333","10003.667","3.046","3.046","11389.7","-9.494","-9.494","19.494","false","24.067","23.6"
"0.875","orebackQuarry","28","sniper","deepField","9017.333","9017.333","8583.533","5.054","5.054","10171.934","-11.351","-11.351","21.351","false","20.733","20.133"
"0.875","orebackQuarry","28","trapper","deepField","10997.533","10997.533","10368.333","6.068","6.068","10999.1","-0.014","-0.014","10.014","false","25.4","24.2"
"0.875","orebackQuarry","28","beastArcher","deepField","11094.667","11094.667","9385.8","18.207","18.207","11516.05","-3.659","-3.659","13.659","false","25.467","21.867"
"0.875","orebackQuarry","28","party","deepField","15447.267","15447.267","13895.933","11.164","11.164","11662.934","32.448","32.448","12.448","false","35.533","32.933"
"0.9","rustcoilRuins","19","fighter","trainingField","8744.533","8744.533","7777.467","12.434","12.434","9349.056","-6.466","","0","true","34.4","28.067"
"0.9","rustcoilRuins","19","mage","trainingField","8413.4","8413.4","7240.067","16.206","16.206","9380.98","-10.314","","0","true","33.4","26.067"
"0.9","rustcoilRuins","19","archer","trainingField","8301.8","8301.8","8003.667","3.725","3.725","9587.5","-13.41","","0","true","32.4","28.8"
"0.9","rustcoilRuins","19","party","trainingField","8833.333","8833.333","8196.4","7.771","7.771","9564.337","-7.643","","0","true","34.667","29.667"
"0.9","cinderHollow","19","fighter","trainingField","11059.533","9953.58","7807","27.496","41.662","9349.056","6.466","","0","true","35.667","25.733"
"0.9","cinderHollow","19","mage","trainingField","11498.4","10348.56","7703.533","34.335","49.261","9380.98","10.314","","0","true","37.6","25.667"
"0.9","cinderHollow","19","archer","trainingField","12081.333","10873.2","7843.933","38.619","54.021","9587.5","13.41","","0","true","39.6","26.133"
"0.9","cinderHollow","19","party","trainingField","11439.267","10295.34","7859.267","30.996","45.551","9564.337","7.643","","0","true","37.333","25.733"
"0.9","banditRidgeCamp","19","fighter","deepField","8828.8","8828.8","8974.067","-1.619","-1.619","9349.056","-5.565","-5.565","15.565","false","37.467","38.067"
"0.9","banditRidgeCamp","19","mage","deepField","9700.2","9700.2","9702.333","-0.022","-0.022","9380.98","3.403","3.403","6.597","false","41.067","41.067"
"0.9","banditRidgeCamp","19","archer","deepField","6366.467","6366.467","6617","-3.786","-3.786","9587.5","-33.596","-33.596","43.596","false","27","28.267"
"0.9","banditRidgeCamp","19","party","deepField","10100.133","10100.133","10884.067","-7.203","-7.203","9564.337","5.602","5.602","4.398","false","42.933","46.2"
"0.9","cinderHollow","28","fighter","trainingField","12165.2","10948.68","9247.533","18.396","31.551","10948.68","0","","0","true","33.2","26.067"
"0.9","cinderHollow","28","mage","trainingField","14842.867","13358.58","9546.467","39.932","55.48","13358.58","0","","0","true","40.667","26.867"
"0.9","cinderHollow","28","archer","trainingField","14421.533","12979.38","8783.867","47.764","64.182","12979.38","0","","0","true","39.4","24.667"
"0.9","cinderHollow","28","guardian","trainingField","12420.8","11178.72","8865.467","26.093","40.103","11178.72","0","","0","true","33.867","24.933"
"0.9","cinderHollow","28","berserker","trainingField","12340.2","11106.18","8572.867","29.55","43.945","11106.18","0","","0","true","33.733","24.333"
"0.9","cinderHollow","28","duelist","trainingField","12799.933","11519.94","8818.2","30.638","45.154","11519.94","0","","0","true","35.067","24.8"
"0.9","cinderHollow","28","fireMage","trainingField","13482.133","12133.92","9059.6","33.934","48.816","12133.92","0","","0","true","36.933","25.533"
"0.9","cinderHollow","28","runeMage","trainingField","13427.067","12084.36","9356.333","29.157","43.508","12084.36","0","","0","true","36.667","26.333"
"0.9","cinderHollow","28","stormMage","trainingField","13016.8","11715.12","9065.067","29.234","43.593","11715.12","0","","0","true","35.533","25.667"
"0.9","cinderHollow","28","sniper","trainingField","11625.067","10462.56","8033.267","30.24","44.712","10462.56","0","","0","true","31.733","22.733"
"0.9","cinderHollow","28","trapper","trainingField","12570.4","11313.36","8580.067","31.856","46.507","11313.36","0","","0","true","34.2","24.067"
"0.9","cinderHollow","28","beastArcher","trainingField","13161.2","11845.08","7965.467","48.705","65.228","11845.08","0","","0","true","35.933","22.4"
"0.9","cinderHollow","28","party","trainingField","13329.067","11996.16","9791.067","22.521","36.135","11996.16","0","","0","true","36.333","27.6"
"0.9","banditRidgeCamp","28","fighter","deepField","13520.667","13520.667","13086.467","3.318","3.318","10948.68","23.491","23.491","3.491","false","39.533","38.333"
"0.9","banditRidgeCamp","28","mage","deepField","14496.267","14496.267","15708.333","-7.716","-7.716","13358.58","8.517","8.517","1.483","false","42.4","45.8"
"0.9","banditRidgeCamp","28","archer","deepField","11558.067","11558.067","9242","25.06","25.06","12979.38","-10.951","-10.951","20.951","false","34","26.867"
"0.9","banditRidgeCamp","28","guardian","deepField","12532.933","12532.933","12122.067","3.389","3.389","11178.72","12.114","12.114","0","true","36.533","35.4"
"0.9","banditRidgeCamp","28","berserker","deepField","12437.733","12437.733","12802.067","-2.846","-2.846","11106.18","11.989","11.989","0","true","36.4","37.4"
"0.9","banditRidgeCamp","28","duelist","deepField","12869.2","12869.2","12241.6","5.127","5.127","11519.94","11.712","11.712","0","true","37.6","36"
"0.9","banditRidgeCamp","28","fireMage","deepField","14655.067","14655.067","14555.333","0.685","0.685","12133.92","20.778","20.778","0.778","false","42.933","42.467"
"0.9","banditRidgeCamp","28","runeMage","deepField","13573.733","13573.733","13399.467","1.301","1.301","12084.36","12.325","12.325","0","true","39.733","39.2"
"0.9","banditRidgeCamp","28","stormMage","deepField","13129.4","13129.4","13674.6","-3.987","-3.987","11715.12","12.072","12.072","0","true","38.533","40.133"
"0.9","banditRidgeCamp","28","sniper","deepField","7714.333","7714.333","6922.6","11.437","11.437","10462.56","-26.267","-26.267","36.267","false","22.6","20.4"
"0.9","banditRidgeCamp","28","trapper","deepField","11730.6","11730.6","11690.533","0.343","0.343","11313.36","3.688","3.688","6.312","false","34.533","34.2"
"0.9","banditRidgeCamp","28","beastArcher","deepField","8256.267","8256.267","8683.4","-4.919","-4.919","11845.08","-30.298","-30.298","40.298","false","24.2","25.467"
"0.9","banditRidgeCamp","28","party","deepField","15065.867","15065.867","15311.933","-1.607","-1.607","11996.16","25.589","25.589","5.589","false","44.067","44.667"
"0.9","orebackQuarry","28","fighter","deepField","13322.867","13322.867","11834.267","12.579","12.579","10948.68","21.685","21.685","1.685","false","30.6","28.133"
"0.9","orebackQuarry","28","mage","deepField","12782.2","12782.2","11667.867","9.55","9.55","13358.58","-4.315","-4.315","14.315","false","29.533","27.6"
"0.9","orebackQuarry","28","archer","deepField","14282.733","14282.733","12528.8","13.999","13.999","12979.38","10.042","10.042","0","true","32.933","29.2"
"0.9","orebackQuarry","28","guardian","deepField","11381.533","11381.533","10682.2","6.547","6.547","11178.72","1.814","1.814","8.186","false","26.733","25"
"0.9","orebackQuarry","28","berserker","deepField","12708.867","12708.867","11179.133","13.684","13.684","11106.18","14.431","14.431","0","true","29.267","25.933"
"0.9","orebackQuarry","28","duelist","deepField","12029.2","12029.2","10451.533","15.095","15.095","11519.94","4.421","4.421","5.579","false","27.733","24.733"
"0.9","orebackQuarry","28","fireMage","deepField","11855.6","11855.6","10816.333","9.608","9.608","12133.92","-2.294","-2.294","12.294","false","27.333","25.6"
"0.9","orebackQuarry","28","runeMage","deepField","13173.933","13173.933","11730.467","12.305","12.305","12084.36","9.016","9.016","0.984","false","30.4","27.667"
"0.9","orebackQuarry","28","stormMage","deepField","10308.333","10308.333","10003.667","3.046","3.046","11715.12","-12.008","-12.008","22.008","false","24.067","23.6"
"0.9","orebackQuarry","28","sniper","deepField","9017.333","9017.333","8583.533","5.054","5.054","10462.56","-13.813","-13.813","23.813","false","20.733","20.133"
"0.9","orebackQuarry","28","trapper","deepField","10997.533","10997.533","10368.333","6.068","6.068","11313.36","-2.792","-2.792","12.792","false","25.4","24.2"
"0.9","orebackQuarry","28","beastArcher","deepField","11094.667","11094.667","9385.8","18.207","18.207","11845.08","-6.335","-6.335","16.335","false","25.467","21.867"
"0.9","orebackQuarry","28","party","deepField","15447.267","15447.267","13895.933","11.164","11.164","11996.16","28.768","28.768","8.768","false","35.533","32.933"
"0.92","rustcoilRuins","19","fighter","trainingField","8744.533","8744.533","7777.467","12.434","12.434","9459.652","-7.56","","0","true","34.4","28.067"
"0.92","rustcoilRuins","19","mage","trainingField","8413.4","8413.4","7240.067","16.206","16.206","9495.964","-11.4","","0","true","33.4","26.067"
"0.92","rustcoilRuins","19","archer","trainingField","8301.8","8301.8","8003.667","3.725","3.725","9708.313","-14.488","","0","true","32.4","28.8"
"0.92","rustcoilRuins","19","party","trainingField","8833.333","8833.333","8196.4","7.771","7.771","9678.729","-8.735","","0","true","34.667","29.667"
"0.92","cinderHollow","19","fighter","trainingField","11059.533","10174.77","7807","30.329","41.662","9459.652","7.56","","0","true","35.667","25.733"
"0.92","cinderHollow","19","mage","trainingField","11498.4","10578.528","7703.533","37.32","49.261","9495.964","11.4","","0","true","37.6","25.667"
"0.92","cinderHollow","19","archer","trainingField","12081.333","11114.826","7843.933","41.7","54.021","9708.313","14.488","","0","true","39.6","26.133"
"0.92","cinderHollow","19","party","trainingField","11439.267","10524.126","7859.267","33.907","45.551","9678.729","8.735","","0","true","37.333","25.733"
"0.92","banditRidgeCamp","19","fighter","deepField","8828.8","8828.8","8974.067","-1.619","-1.619","9459.652","-6.669","-6.669","16.669","false","37.467","38.067"
"0.92","banditRidgeCamp","19","mage","deepField","9700.2","9700.2","9702.333","-0.022","-0.022","9495.964","2.151","2.151","7.849","false","41.067","41.067"
"0.92","banditRidgeCamp","19","archer","deepField","6366.467","6366.467","6617","-3.786","-3.786","9708.313","-34.423","-34.423","44.423","false","27","28.267"
"0.92","banditRidgeCamp","19","party","deepField","10100.133","10100.133","10884.067","-7.203","-7.203","9678.729","4.354","4.354","5.646","false","42.933","46.2"
"0.92","cinderHollow","28","fighter","trainingField","12165.2","11191.984","9247.533","21.027","31.551","11191.984","0","","0","true","33.2","26.067"
"0.92","cinderHollow","28","mage","trainingField","14842.867","13655.438","9546.467","43.042","55.48","13655.438","0","","0","true","40.667","26.867"
"0.92","cinderHollow","28","archer","trainingField","14421.533","13267.81","8783.867","51.047","64.182","13267.81","0","","0","true","39.4","24.667"
"0.92","cinderHollow","28","guardian","trainingField","12420.8","11427.136","8865.467","28.895","40.103","11427.136","0","","0","true","33.867","24.933"
"0.92","cinderHollow","28","berserker","trainingField","12340.2","11352.984","8572.867","32.429","43.945","11352.984","0","","0","true","33.733","24.333"
"0.92","cinderHollow","28","duelist","trainingField","12799.933","11775.938","8818.2","33.541","45.154","11775.938","0","","0","true","35.067","24.8"
"0.92","cinderHollow","28","fireMage","trainingField","13482.133","12403.562","9059.6","36.911","48.816","12403.562","0","","0","true","36.933","25.533"
"0.92","cinderHollow","28","runeMage","trainingField","13427.067","12352.902","9356.333","32.027","43.508","12352.902","0","","0","true","36.667","26.333"
"0.92","cinderHollow","28","stormMage","trainingField","13016.8","11975.456","9065.067","32.106","43.593","11975.456","0","","0","true","35.533","25.667"
"0.92","cinderHollow","28","sniper","trainingField","11625.067","10695.062","8033.267","33.135","44.712","10695.062","0","","0","true","31.733","22.733"
"0.92","cinderHollow","28","trapper","trainingField","12570.4","11564.768","8580.067","34.786","46.507","11564.768","0","","0","true","34.2","24.067"
"0.92","cinderHollow","28","beastArcher","trainingField","13161.2","12108.304","7965.467","52.01","65.228","12108.304","0","","0","true","35.933","22.4"
"0.92","cinderHollow","28","party","trainingField","13329.067","12262.742","9791.067","25.244","36.135","12262.742","0","","0","true","36.333","27.6"
"0.92","banditRidgeCamp","28","fighter","deepField","13520.667","13520.667","13086.467","3.318","3.318","11191.984","20.807","20.807","0.807","false","39.533","38.333"
"0.92","banditRidgeCamp","28","mage","deepField","14496.267","14496.267","15708.333","-7.716","-7.716","13655.438","6.157","6.157","3.843","false","42.4","45.8"
"0.92","banditRidgeCamp","28","archer","deepField","11558.067","11558.067","9242","25.06","25.06","13267.81","-12.886","-12.886","22.886","false","34","26.867"
"0.92","banditRidgeCamp","28","guardian","deepField","12532.933","12532.933","12122.067","3.389","3.389","11427.136","9.677","9.677","0.323","false","36.533","35.4"
"0.92","banditRidgeCamp","28","berserker","deepField","12437.733","12437.733","12802.067","-2.846","-2.846","11352.984","9.555","9.555","0.445","false","36.4","37.4"
"0.92","banditRidgeCamp","28","duelist","deepField","12869.2","12869.2","12241.6","5.127","5.127","11775.938","9.284","9.284","0.716","false","37.6","36"
"0.92","banditRidgeCamp","28","fireMage","deepField","14655.067","14655.067","14555.333","0.685","0.685","12403.562","18.152","18.152","0","true","42.933","42.467"
"0.92","banditRidgeCamp","28","runeMage","deepField","13573.733","13573.733","13399.467","1.301","1.301","12352.902","9.883","9.883","0.117","false","39.733","39.2"
"0.92","banditRidgeCamp","28","stormMage","deepField","13129.4","13129.4","13674.6","-3.987","-3.987","11975.456","9.636","9.636","0.364","false","38.533","40.133"
"0.92","banditRidgeCamp","28","sniper","deepField","7714.333","7714.333","6922.6","11.437","11.437","10695.062","-27.87","-27.87","37.87","false","22.6","20.4"
"0.92","banditRidgeCamp","28","trapper","deepField","11730.6","11730.6","11690.533","0.343","0.343","11564.768","1.434","1.434","8.566","false","34.533","34.2"
"0.92","banditRidgeCamp","28","beastArcher","deepField","8256.267","8256.267","8683.4","-4.919","-4.919","12108.304","-31.813","-31.813","41.813","false","24.2","25.467"
"0.92","banditRidgeCamp","28","party","deepField","15065.867","15065.867","15311.933","-1.607","-1.607","12262.742","22.859","22.859","2.859","false","44.067","44.667"
"0.92","orebackQuarry","28","fighter","deepField","13322.867","13322.867","11834.267","12.579","12.579","11191.984","19.039","19.039","0","true","30.6","28.133"
"0.92","orebackQuarry","28","mage","deepField","12782.2","12782.2","11667.867","9.55","9.55","13655.438","-6.395","-6.395","16.395","false","29.533","27.6"
"0.92","orebackQuarry","28","archer","deepField","14282.733","14282.733","12528.8","13.999","13.999","13267.81","7.65","7.65","2.35","false","32.933","29.2"
"0.92","orebackQuarry","28","guardian","deepField","11381.533","11381.533","10682.2","6.547","6.547","11427.136","-0.399","-0.399","10.399","false","26.733","25"
"0.92","orebackQuarry","28","berserker","deepField","12708.867","12708.867","11179.133","13.684","13.684","11352.984","11.943","11.943","0","true","29.267","25.933"
"0.92","orebackQuarry","28","duelist","deepField","12029.2","12029.2","10451.533","15.095","15.095","11775.938","2.151","2.151","7.849","false","27.733","24.733"
"0.92","orebackQuarry","28","fireMage","deepField","11855.6","11855.6","10816.333","9.608","9.608","12403.562","-4.418","-4.418","14.418","false","27.333","25.6"
"0.92","orebackQuarry","28","runeMage","deepField","13173.933","13173.933","11730.467","12.305","12.305","12352.902","6.646","6.646","3.354","false","30.4","27.667"
"0.92","orebackQuarry","28","stormMage","deepField","10308.333","10308.333","10003.667","3.046","3.046","11975.456","-13.921","-13.921","23.921","false","24.067","23.6"
"0.92","orebackQuarry","28","sniper","deepField","9017.333","9017.333","8583.533","5.054","5.054","10695.062","-15.687","-15.687","25.687","false","20.733","20.133"
"0.92","orebackQuarry","28","trapper","deepField","10997.533","10997.533","10368.333","6.068","6.068","11564.768","-4.905","-4.905","14.905","false","25.4","24.2"
"0.92","orebackQuarry","28","beastArcher","deepField","11094.667","11094.667","9385.8","18.207","18.207","12108.304","-8.371","-8.371","18.371","false","25.467","21.867"
"0.92","orebackQuarry","28","party","deepField","15447.267","15447.267","13895.933","11.164","11.164","12262.742","25.969","25.969","5.969","false","35.533","32.933"
"0.925","rustcoilRuins","19","fighter","trainingField","8744.533","8744.533","7777.467","12.434","12.434","9487.301","-7.829","","0","true","34.4","28.067"
"0.925","rustcoilRuins","19","mage","trainingField","8413.4","8413.4","7240.067","16.206","16.206","9524.71","-11.668","","0","true","33.4","26.067"
"0.925","rustcoilRuins","19","archer","trainingField","8301.8","8301.8","8003.667","3.725","3.725","9738.517","-14.753","","0","true","32.4","28.8"
"0.925","rustcoilRuins","19","party","trainingField","8833.333","8833.333","8196.4","7.771","7.771","9707.327","-9.003","","0","true","34.667","29.667"
"0.925","cinderHollow","19","fighter","trainingField","11059.533","10230.068","7807","31.037","41.662","9487.301","7.829","","0","true","35.667","25.733"
"0.925","cinderHollow","19","mage","trainingField","11498.4","10636.02","7703.533","38.067","49.261","9524.71","11.668","","0","true","37.6","25.667"
"0.925","cinderHollow","19","archer","trainingField","12081.333","11175.233","7843.933","42.47","54.021","9738.517","14.753","","0","true","39.6","26.133"
"0.925","cinderHollow","19","party","trainingField","11439.267","10581.322","7859.267","34.635","45.551","9707.327","9.003","","0","true","37.333","25.733"
"0.925","banditRidgeCamp","19","fighter","deepField","8828.8","8828.8","8974.067","-1.619","-1.619","9487.301","-6.941","-6.941","16.941","false","37.467","38.067"
"0.925","banditRidgeCamp","19","mage","deepField","9700.2","9700.2","9702.333","-0.022","-0.022","9524.71","1.842","1.842","8.158","false","41.067","41.067"
"0.925","banditRidgeCamp","19","archer","deepField","6366.467","6366.467","6617","-3.786","-3.786","9738.517","-34.626","-34.626","44.626","false","27","28.267"
"0.925","banditRidgeCamp","19","party","deepField","10100.133","10100.133","10884.067","-7.203","-7.203","9707.327","4.046","4.046","5.954","false","42.933","46.2"
"0.925","cinderHollow","28","fighter","trainingField","12165.2","11252.81","9247.533","21.684","31.551","11252.81","0","","0","true","33.2","26.067"
"0.925","cinderHollow","28","mage","trainingField","14842.867","13729.652","9546.467","43.819","55.48","13729.652","0","","0","true","40.667","26.867"
"0.925","cinderHollow","28","archer","trainingField","14421.533","13339.918","8783.867","51.868","64.182","13339.918","0","","0","true","39.4","24.667"
"0.925","cinderHollow","28","guardian","trainingField","12420.8","11489.24","8865.467","29.595","40.103","11489.24","0","","0","true","33.867","24.933"
"0.925","cinderHollow","28","berserker","trainingField","12340.2","11414.685","8572.867","33.149","43.945","11414.685","0","","0","true","33.733","24.333"
"0.925","cinderHollow","28","duelist","trainingField","12799.933","11839.938","8818.2","34.267","45.154","11839.938","0","","0","true","35.067","24.8"
"0.925","cinderHollow","28","fireMage","trainingField","13482.133","12470.973","9059.6","37.655","48.816","12470.973","0","","0","true","36.933","25.533"
"0.925","cinderHollow","28","runeMage","trainingField","13427.067","12420.037","9356.333","32.745","43.508","12420.037","0","","0","true","36.667","26.333"
"0.925","cinderHollow","28","stormMage","trainingField","13016.8","12040.54","9065.067","32.824","43.593","12040.54","0","","0","true","35.533","25.667"
"0.925","cinderHollow","28","sniper","trainingField","11625.067","10753.187","8033.267","33.858","44.712","10753.187","0","","0","true","31.733","22.733"
"0.925","cinderHollow","28","trapper","trainingField","12570.4","11627.62","8580.067","35.519","46.507","11627.62","0","","0","true","34.2","24.067"
"0.925","cinderHollow","28","beastArcher","trainingField","13161.2","12174.11","7965.467","52.836","65.228","12174.11","0","","0","true","35.933","22.4"
"0.925","cinderHollow","28","party","trainingField","13329.067","12329.387","9791.067","25.925","36.135","12329.387","0","","0","true","36.333","27.6"
"0.925","banditRidgeCamp","28","fighter","deepField","13520.667","13520.667","13086.467","3.318","3.318","11252.81","20.154","20.154","0.154","false","39.533","38.333"
"0.925","banditRidgeCamp","28","mage","deepField","14496.267","14496.267","15708.333","-7.716","-7.716","13729.652","5.584","5.584","4.416","false","42.4","45.8"
"0.925","banditRidgeCamp","28","archer","deepField","11558.067","11558.067","9242","25.06","25.06","13339.918","-13.357","-13.357","23.357","false","34","26.867"
"0.925","banditRidgeCamp","28","guardian","deepField","12532.933","12532.933","12122.067","3.389","3.389","11489.24","9.084","9.084","0.916","false","36.533","35.4"
"0.925","banditRidgeCamp","28","berserker","deepField","12437.733","12437.733","12802.067","-2.846","-2.846","11414.685","8.963","8.963","1.037","false","36.4","37.4"
"0.925","banditRidgeCamp","28","duelist","deepField","12869.2","12869.2","12241.6","5.127","5.127","11839.938","8.693","8.693","1.307","false","37.6","36"
"0.925","banditRidgeCamp","28","fireMage","deepField","14655.067","14655.067","14555.333","0.685","0.685","12470.973","17.513","17.513","0","true","42.933","42.467"
"0.925","banditRidgeCamp","28","runeMage","deepField","13573.733","13573.733","13399.467","1.301","1.301","12420.037","9.289","9.289","0.711","false","39.733","39.2"
"0.925","banditRidgeCamp","28","stormMage","deepField","13129.4","13129.4","13674.6","-3.987","-3.987","12040.54","9.043","9.043","0.957","false","38.533","40.133"
"0.925","banditRidgeCamp","28","sniper","deepField","7714.333","7714.333","6922.6","11.437","11.437","10753.187","-28.26","-28.26","38.26","false","22.6","20.4"
"0.925","banditRidgeCamp","28","trapper","deepField","11730.6","11730.6","11690.533","0.343","0.343","11627.62","0.886","0.886","9.114","false","34.533","34.2"
"0.925","banditRidgeCamp","28","beastArcher","deepField","8256.267","8256.267","8683.4","-4.919","-4.919","12174.11","-32.182","-32.182","42.182","false","24.2","25.467"
"0.925","banditRidgeCamp","28","party","deepField","15065.867","15065.867","15311.933","-1.607","-1.607","12329.387","22.195","22.195","2.195","false","44.067","44.667"
"0.925","orebackQuarry","28","fighter","deepField","13322.867","13322.867","11834.267","12.579","12.579","11252.81","18.396","18.396","0","true","30.6","28.133"
"0.925","orebackQuarry","28","mage","deepField","12782.2","12782.2","11667.867","9.55","9.55","13729.652","-6.901","-6.901","16.901","false","29.533","27.6"
"0.925","orebackQuarry","28","archer","deepField","14282.733","14282.733","12528.8","13.999","13.999","13339.918","7.068","7.068","2.932","false","32.933","29.2"
"0.925","orebackQuarry","28","guardian","deepField","11381.533","11381.533","10682.2","6.547","6.547","11489.24","-0.937","-0.937","10.937","false","26.733","25"
"0.925","orebackQuarry","28","berserker","deepField","12708.867","12708.867","11179.133","13.684","13.684","11414.685","11.338","11.338","0","true","29.267","25.933"
"0.925","orebackQuarry","28","duelist","deepField","12029.2","12029.2","10451.533","15.095","15.095","11839.938","1.599","1.599","8.401","false","27.733","24.733"
"0.925","orebackQuarry","28","fireMage","deepField","11855.6","11855.6","10816.333","9.608","9.608","12470.973","-4.934","-4.934","14.934","false","27.333","25.6"
"0.925","orebackQuarry","28","runeMage","deepField","13173.933","13173.933","11730.467","12.305","12.305","12420.037","6.07","6.07","3.93","false","30.4","27.667"
"0.925","orebackQuarry","28","stormMage","deepField","10308.333","10308.333","10003.667","3.046","3.046","12040.54","-14.386","-14.386","24.386","false","24.067","23.6"
"0.925","orebackQuarry","28","sniper","deepField","9017.333","9017.333","8583.533","5.054","5.054","10753.187","-16.143","-16.143","26.143","false","20.733","20.133"
"0.925","orebackQuarry","28","trapper","deepField","10997.533","10997.533","10368.333","6.068","6.068","11627.62","-5.419","-5.419","15.419","false","25.4","24.2"
"0.925","orebackQuarry","28","beastArcher","deepField","11094.667","11094.667","9385.8","18.207","18.207","12174.11","-8.867","-8.867","18.867","false","25.467","21.867"
"0.925","orebackQuarry","28","party","deepField","15447.267","15447.267","13895.933","11.164","11.164","12329.387","25.288","25.288","5.288","false","35.533","32.933"
"0.928","rustcoilRuins","19","fighter","trainingField","8744.533","8744.533","7777.467","12.434","12.434","9503.89","-7.99","","0","true","34.4","28.067"
"0.928","rustcoilRuins","19","mage","trainingField","8413.4","8413.4","7240.067","16.206","16.206","9541.958","-11.827","","0","true","33.4","26.067"
"0.928","rustcoilRuins","19","archer","trainingField","8301.8","8301.8","8003.667","3.725","3.725","9756.639","-14.911","","0","true","32.4","28.8"
"0.928","rustcoilRuins","19","party","trainingField","8833.333","8833.333","8196.4","7.771","7.771","9724.486","-9.164","","0","true","34.667","29.667"
"0.928","cinderHollow","19","fighter","trainingField","11059.533","10263.247","7807","31.462","41.662","9503.89","7.99","","0","true","35.667","25.733"
"0.928","cinderHollow","19","mage","trainingField","11498.4","10670.515","7703.533","38.515","49.261","9541.958","11.827","","0","true","37.6","25.667"
"0.928","cinderHollow","19","archer","trainingField","12081.333","11211.477","7843.933","42.932","54.021","9756.639","14.911","","0","true","39.6","26.133"
"0.928","cinderHollow","19","party","trainingField","11439.267","10615.64","7859.267","35.072","45.551","9724.486","9.164","","0","true","37.333","25.733"
"0.928","banditRidgeCamp","19","fighter","deepField","8828.8","8828.8","8974.067","-1.619","-1.619","9503.89","-7.103","-7.103","17.103","false","37.467","38.067"
"0.928","banditRidgeCamp","19","mage","deepField","9700.2","9700.2","9702.333","-0.022","-0.022","9541.958","1.658","1.658","8.342","false","41.067","41.067"
"0.928","banditRidgeCamp","19","archer","deepField","6366.467","6366.467","6617","-3.786","-3.786","9756.639","-34.747","-34.747","44.747","false","27","28.267"
"0.928","banditRidgeCamp","19","party","deepField","10100.133","10100.133","10884.067","-7.203","-7.203","9724.486","3.863","3.863","6.137","false","42.933","46.2"
"0.928","cinderHollow","28","fighter","trainingField","12165.2","11289.306","9247.533","22.079","31.551","11289.306","0","","0","true","33.2","26.067"
"0.928","cinderHollow","28","mage","trainingField","14842.867","13774.181","9546.467","44.286","55.48","13774.181","0","","0","true","40.667","26.867"
"0.928","cinderHollow","28","archer","trainingField","14421.533","13383.183","8783.867","52.361","64.182","13383.183","0","","0","true","39.4","24.667"
"0.928","cinderHollow","28","guardian","trainingField","12420.8","11526.502","8865.467","30.016","40.103","11526.502","0","","0","true","33.867","24.933"
"0.928","cinderHollow","28","berserker","trainingField","12340.2","11451.706","8572.867","33.581","43.945","11451.706","0","","0","true","33.733","24.333"
"0.928","cinderHollow","28","duelist","trainingField","12799.933","11878.338","8818.2","34.703","45.154","11878.338","0","","0","true","35.067","24.8"
"0.928","cinderHollow","28","fireMage","trainingField","13482.133","12511.419","9059.6","38.101","48.816","12511.419","0","","0","true","36.933","25.533"
"0.928","cinderHollow","28","runeMage","trainingField","13427.067","12460.318","9356.333","33.175","43.508","12460.318","0","","0","true","36.667","26.333"
"0.928","cinderHollow","28","stormMage","trainingField","13016.8","12079.59","9065.067","33.254","43.593","12079.59","0","","0","true","35.533","25.667"
"0.928","cinderHollow","28","sniper","trainingField","11625.067","10788.062","8033.267","34.292","44.712","10788.062","0","","0","true","31.733","22.733"
"0.928","cinderHollow","28","trapper","trainingField","12570.4","11665.331","8580.067","35.959","46.507","11665.331","0","","0","true","34.2","24.067"
"0.928","cinderHollow","28","beastArcher","trainingField","13161.2","12213.594","7965.467","53.332","65.228","12213.594","0","","0","true","35.933","22.4"
"0.928","cinderHollow","28","party","trainingField","13329.067","12369.374","9791.067","26.333","36.135","12369.374","0","","0","true","36.333","27.6"
"0.928","banditRidgeCamp","28","fighter","deepField","13520.667","13520.667","13086.467","3.318","3.318","11289.306","19.765","19.765","0","true","39.533","38.333"
"0.928","banditRidgeCamp","28","mage","deepField","14496.267","14496.267","15708.333","-7.716","-7.716","13774.181","5.242","5.242","4.758","false","42.4","45.8"
"0.928","banditRidgeCamp","28","archer","deepField","11558.067","11558.067","9242","25.06","25.06","13383.183","-13.637","-13.637","23.637","false","34","26.867"
"0.928","banditRidgeCamp","28","guardian","deepField","12532.933","12532.933","12122.067","3.389","3.389","11526.502","8.731","8.731","1.269","false","36.533","35.4"
"0.928","banditRidgeCamp","28","berserker","deepField","12437.733","12437.733","12802.067","-2.846","-2.846","11451.706","8.61","8.61","1.39","false","36.4","37.4"
"0.928","banditRidgeCamp","28","duelist","deepField","12869.2","12869.2","12241.6","5.127","5.127","11878.338","8.342","8.342","1.658","false","37.6","36"
"0.928","banditRidgeCamp","28","fireMage","deepField","14655.067","14655.067","14555.333","0.685","0.685","12511.419","17.134","17.134","0","true","42.933","42.467"
"0.928","banditRidgeCamp","28","runeMage","deepField","13573.733","13573.733","13399.467","1.301","1.301","12460.318","8.936","8.936","1.064","false","39.733","39.2"
"0.928","banditRidgeCamp","28","stormMage","deepField","13129.4","13129.4","13674.6","-3.987","-3.987","12079.59","8.691","8.691","1.309","false","38.533","40.133"
"0.928","banditRidgeCamp","28","sniper","deepField","7714.333","7714.333","6922.6","11.437","11.437","10788.062","-28.492","-28.492","38.492","false","22.6","20.4"
"0.928","banditRidgeCamp","28","trapper","deepField","11730.6","11730.6","11690.533","0.343","0.343","11665.331","0.56","0.56","9.44","false","34.533","34.2"
"0.928","banditRidgeCamp","28","beastArcher","deepField","8256.267","8256.267","8683.4","-4.919","-4.919","12213.594","-32.401","-32.401","42.401","false","24.2","25.467"
"0.928","banditRidgeCamp","28","party","deepField","15065.867","15065.867","15311.933","-1.607","-1.607","12369.374","21.8","21.8","1.8","false","44.067","44.667"
"0.928","orebackQuarry","28","fighter","deepField","13322.867","13322.867","11834.267","12.579","12.579","11289.306","18.013","18.013","0","true","30.6","28.133"
"0.928","orebackQuarry","28","mage","deepField","12782.2","12782.2","11667.867","9.55","9.55","13774.181","-7.202","-7.202","17.202","false","29.533","27.6"
"0.928","orebackQuarry","28","archer","deepField","14282.733","14282.733","12528.8","13.999","13.999","13383.183","6.721","6.721","3.279","false","32.933","29.2"
"0.928","orebackQuarry","28","guardian","deepField","11381.533","11381.533","10682.2","6.547","6.547","11526.502","-1.258","-1.258","11.258","false","26.733","25"
"0.928","orebackQuarry","28","berserker","deepField","12708.867","12708.867","11179.133","13.684","13.684","11451.706","10.978","10.978","0","true","29.267","25.933"
"0.928","orebackQuarry","28","duelist","deepField","12029.2","12029.2","10451.533","15.095","15.095","11878.338","1.27","1.27","8.73","false","27.733","24.733"
"0.928","orebackQuarry","28","fireMage","deepField","11855.6","11855.6","10816.333","9.608","9.608","12511.419","-5.242","-5.242","15.242","false","27.333","25.6"
"0.928","orebackQuarry","28","runeMage","deepField","13173.933","13173.933","11730.467","12.305","12.305","12460.318","5.727","5.727","4.273","false","30.4","27.667"
"0.928","orebackQuarry","28","stormMage","deepField","10308.333","10308.333","10003.667","3.046","3.046","12079.59","-14.663","-14.663","24.663","false","24.067","23.6"
"0.928","orebackQuarry","28","sniper","deepField","9017.333","9017.333","8583.533","5.054","5.054","10788.062","-16.414","-16.414","26.414","false","20.733","20.133"
"0.928","orebackQuarry","28","trapper","deepField","10997.533","10997.533","10368.333","6.068","6.068","11665.331","-5.725","-5.725","15.725","false","25.4","24.2"
"0.928","orebackQuarry","28","beastArcher","deepField","11094.667","11094.667","9385.8","18.207","18.207","12213.594","-9.161","-9.161","19.161","false","25.467","21.867"
"0.928","orebackQuarry","28","party","deepField","15447.267","15447.267","13895.933","11.164","11.164","12369.374","24.883","24.883","4.883","false","35.533","32.933"
"0.929","rustcoilRuins","19","fighter","trainingField","8744.533","8744.533","7777.467","12.434","12.434","9509.42","-8.043","","0","true","34.4","28.067"
"0.929","rustcoilRuins","19","mage","trainingField","8413.4","8413.4","7240.067","16.206","16.206","9547.707","-11.88","","0","true","33.4","26.067"
"0.929","rustcoilRuins","19","archer","trainingField","8301.8","8301.8","8003.667","3.725","3.725","9762.679","-14.964","","0","true","32.4","28.8"
"0.929","rustcoilRuins","19","party","trainingField","8833.333","8833.333","8196.4","7.771","7.771","9730.206","-9.217","","0","true","34.667","29.667"
"0.929","cinderHollow","19","fighter","trainingField","11059.533","10274.306","7807","31.604","41.662","9509.42","8.043","","0","true","35.667","25.733"
"0.929","cinderHollow","19","mage","trainingField","11498.4","10682.014","7703.533","38.664","49.261","9547.707","11.88","","0","true","37.6","25.667"
"0.929","cinderHollow","19","archer","trainingField","12081.333","11223.558","7843.933","43.086","54.021","9762.679","14.964","","0","true","39.6","26.133"
"0.929","cinderHollow","19","party","trainingField","11439.267","10627.079","7859.267","35.217","45.551","9730.206","9.217","","0","true","37.333","25.733"
"0.929","banditRidgeCamp","19","fighter","deepField","8828.8","8828.8","8974.067","-1.619","-1.619","9509.42","-7.157","-7.157","17.157","false","37.467","38.067"
"0.929","banditRidgeCamp","19","mage","deepField","9700.2","9700.2","9702.333","-0.022","-0.022","9547.707","1.597","1.597","8.403","false","41.067","41.067"
"0.929","banditRidgeCamp","19","archer","deepField","6366.467","6366.467","6617","-3.786","-3.786","9762.679","-34.788","-34.788","44.788","false","27","28.267"
"0.929","banditRidgeCamp","19","party","deepField","10100.133","10100.133","10884.067","-7.203","-7.203","9730.206","3.802","3.802","6.198","false","42.933","46.2"
"0.929","cinderHollow","28","fighter","trainingField","12165.2","11301.471","9247.533","22.211","31.551","11301.471","0","","0","true","33.2","26.067"
"0.929","cinderHollow","28","mage","trainingField","14842.867","13789.023","9546.467","44.441","55.48","13789.023","0","","0","true","40.667","26.867"
"0.929","cinderHollow","28","archer","trainingField","14421.533","13397.604","8783.867","52.525","64.182","13397.604","0","","0","true","39.4","24.667"
"0.929","cinderHollow","28","guardian","trainingField","12420.8","11538.923","8865.467","30.156","40.103","11538.923","0","","0","true","33.867","24.933"
"0.929","cinderHollow","28","berserker","trainingField","12340.2","11464.046","8572.867","33.725","43.945","11464.046","0","","0","true","33.733","24.333"
"0.929","cinderHollow","28","duelist","trainingField","12799.933","11891.138","8818.2","34.848","45.154","11891.138","0","","0","true","35.067","24.8"
"0.929","cinderHollow","28","fireMage","trainingField","13482.133","12524.902","9059.6","38.25","48.816","12524.902","0","","0","true","36.933","25.533"
"0.929","cinderHollow","28","runeMage","trainingField","13427.067","12473.745","9356.333","33.319","43.508","12473.745","0","","0","true","36.667","26.333"
"0.929","cinderHollow","28","stormMage","trainingField","13016.8","12092.607","9065.067","33.398","43.593","12092.607","0","","0","true","35.533","25.667"
"0.929","cinderHollow","28","sniper","trainingField","11625.067","10799.687","8033.267","34.437","44.712","10799.687","0","","0","true","31.733","22.733"
"0.929","cinderHollow","28","trapper","trainingField","12570.4","11677.902","8580.067","36.105","46.507","11677.902","0","","0","true","34.2","24.067"
"0.929","cinderHollow","28","beastArcher","trainingField","13161.2","12226.755","7965.467","53.497","65.228","12226.755","0","","0","true","35.933","22.4"
"0.929","cinderHollow","28","party","trainingField","13329.067","12382.703","9791.067","26.469","36.135","12382.703","0","","0","true","36.333","27.6"
"0.929","banditRidgeCamp","28","fighter","deepField","13520.667","13520.667","13086.467","3.318","3.318","11301.471","19.636","19.636","0","true","39.533","38.333"
"0.929","banditRidgeCamp","28","mage","deepField","14496.267","14496.267","15708.333","-7.716","-7.716","13789.023","5.129","5.129","4.871","false","42.4","45.8"
"0.929","banditRidgeCamp","28","archer","deepField","11558.067","11558.067","9242","25.06","25.06","13397.604","-13.73","-13.73","23.73","false","34","26.867"
"0.929","banditRidgeCamp","28","guardian","deepField","12532.933","12532.933","12122.067","3.389","3.389","11538.923","8.614","8.614","1.386","false","36.533","35.4"
"0.929","banditRidgeCamp","28","berserker","deepField","12437.733","12437.733","12802.067","-2.846","-2.846","11464.046","8.493","8.493","1.507","false","36.4","37.4"
"0.929","banditRidgeCamp","28","duelist","deepField","12869.2","12869.2","12241.6","5.127","5.127","11891.138","8.225","8.225","1.775","false","37.6","36"
"0.929","banditRidgeCamp","28","fireMage","deepField","14655.067","14655.067","14555.333","0.685","0.685","12524.902","17.007","17.007","0","true","42.933","42.467"
"0.929","banditRidgeCamp","28","runeMage","deepField","13573.733","13573.733","13399.467","1.301","1.301","12473.745","8.818","8.818","1.182","false","39.733","39.2"
"0.929","banditRidgeCamp","28","stormMage","deepField","13129.4","13129.4","13674.6","-3.987","-3.987","12092.607","8.574","8.574","1.426","false","38.533","40.133"
"0.929","banditRidgeCamp","28","sniper","deepField","7714.333","7714.333","6922.6","11.437","11.437","10799.687","-28.569","-28.569","38.569","false","22.6","20.4"
"0.929","banditRidgeCamp","28","trapper","deepField","11730.6","11730.6","11690.533","0.343","0.343","11677.902","0.451","0.451","9.549","false","34.533","34.2"
"0.929","banditRidgeCamp","28","beastArcher","deepField","8256.267","8256.267","8683.4","-4.919","-4.919","12226.755","-32.474","-32.474","42.474","false","24.2","25.467"
"0.929","banditRidgeCamp","28","party","deepField","15065.867","15065.867","15311.933","-1.607","-1.607","12382.703","21.669","21.669","1.669","false","44.067","44.667"
"0.929","orebackQuarry","28","fighter","deepField","13322.867","13322.867","11834.267","12.579","12.579","11301.471","17.886","17.886","0","true","30.6","28.133"
"0.929","orebackQuarry","28","mage","deepField","12782.2","12782.2","11667.867","9.55","9.55","13789.023","-7.302","-7.302","17.302","false","29.533","27.6"
"0.929","orebackQuarry","28","archer","deepField","14282.733","14282.733","12528.8","13.999","13.999","13397.604","6.607","6.607","3.393","false","32.933","29.2"
"0.929","orebackQuarry","28","guardian","deepField","11381.533","11381.533","10682.2","6.547","6.547","11538.923","-1.364","-1.364","11.364","false","26.733","25"
"0.929","orebackQuarry","28","berserker","deepField","12708.867","12708.867","11179.133","13.684","13.684","11464.046","10.858","10.858","0","true","29.267","25.933"
"0.929","orebackQuarry","28","duelist","deepField","12029.2","12029.2","10451.533","15.095","15.095","11891.138","1.161","1.161","8.839","false","27.733","24.733"
"0.929","orebackQuarry","28","fireMage","deepField","11855.6","11855.6","10816.333","9.608","9.608","12524.902","-5.344","-5.344","15.344","false","27.333","25.6"
"0.929","orebackQuarry","28","runeMage","deepField","13173.933","13173.933","11730.467","12.305","12.305","12473.745","5.613","5.613","4.387","false","30.4","27.667"
"0.929","orebackQuarry","28","stormMage","deepField","10308.333","10308.333","10003.667","3.046","3.046","12092.607","-14.755","-14.755","24.755","false","24.067","23.6"
"0.929","orebackQuarry","28","sniper","deepField","9017.333","9017.333","8583.533","5.054","5.054","10799.687","-16.504","-16.504","26.504","false","20.733","20.133"
"0.929","orebackQuarry","28","trapper","deepField","10997.533","10997.533","10368.333","6.068","6.068","11677.902","-5.826","-5.826","15.826","false","25.4","24.2"
"0.929","orebackQuarry","28","beastArcher","deepField","11094.667","11094.667","9385.8","18.207","18.207","12226.755","-9.259","-9.259","19.259","false","25.467","21.867"
"0.929","orebackQuarry","28","party","deepField","15447.267","15447.267","13895.933","11.164","11.164","12382.703","24.749","24.749","4.749","false","35.533","32.933"
"0.93","rustcoilRuins","19","fighter","trainingField","8744.533","8744.533","7777.467","12.434","12.434","9514.949","-8.097","","0","true","34.4","28.067"
"0.93","rustcoilRuins","19","mage","trainingField","8413.4","8413.4","7240.067","16.206","16.206","9553.456","-11.933","","0","true","33.4","26.067"
"0.93","rustcoilRuins","19","archer","trainingField","8301.8","8301.8","8003.667","3.725","3.725","9768.72","-15.017","","0.017","false","32.4","28.8"
"0.93","rustcoilRuins","19","party","trainingField","8833.333","8833.333","8196.4","7.771","7.771","9735.926","-9.271","","0","true","34.667","29.667"
"0.93","cinderHollow","19","fighter","trainingField","11059.533","10285.366","7807","31.745","41.662","9514.949","8.097","","0","true","35.667","25.733"
"0.93","cinderHollow","19","mage","trainingField","11498.4","10693.512","7703.533","38.813","49.261","9553.456","11.933","","0","true","37.6","25.667"
"0.93","cinderHollow","19","archer","trainingField","12081.333","11235.64","7843.933","43.24","54.021","9768.72","15.017","","0.017","false","39.6","26.133"
"0.93","cinderHollow","19","party","trainingField","11439.267","10638.518","7859.267","35.363","45.551","9735.926","9.271","","0","true","37.333","25.733"
"0.93","banditRidgeCamp","19","fighter","deepField","8828.8","8828.8","8974.067","-1.619","-1.619","9514.949","-7.211","-7.211","17.211","false","37.467","38.067"
"0.93","banditRidgeCamp","19","mage","deepField","9700.2","9700.2","9702.333","-0.022","-0.022","9553.456","1.536","1.536","8.464","false","41.067","41.067"
"0.93","banditRidgeCamp","19","archer","deepField","6366.467","6366.467","6617","-3.786","-3.786","9768.72","-34.828","-34.828","44.828","false","27","28.267"
"0.93","banditRidgeCamp","19","party","deepField","10100.133","10100.133","10884.067","-7.203","-7.203","9735.926","3.741","3.741","6.259","false","42.933","46.2"
"0.93","cinderHollow","28","fighter","trainingField","12165.2","11313.636","9247.533","22.342","31.551","11313.636","0","","0","true","33.2","26.067"
"0.93","cinderHollow","28","mage","trainingField","14842.867","13803.866","9546.467","44.597","55.48","13803.866","0","","0","true","40.667","26.867"
"0.93","cinderHollow","28","archer","trainingField","14421.533","13412.026","8783.867","52.689","64.182","13412.026","0","","0","true","39.4","24.667"
"0.93","cinderHollow","28","guardian","trainingField","12420.8","11551.344","8865.467","30.296","40.103","11551.344","0","","0","true","33.867","24.933"
"0.93","cinderHollow","28","berserker","trainingField","12340.2","11476.386","8572.867","33.869","43.945","11476.386","0","","0","true","33.733","24.333"
"0.93","cinderHollow","28","duelist","trainingField","12799.933","11903.938","8818.2","34.993","45.154","11903.938","0","","0","true","35.067","24.8"
"0.93","cinderHollow","28","fireMage","trainingField","13482.133","12538.384","9059.6","38.399","48.816","12538.384","0","","0","true","36.933","25.533"
"0.93","cinderHollow","28","runeMage","trainingField","13427.067","12487.172","9356.333","33.462","43.508","12487.172","0","","0","true","36.667","26.333"
"0.93","cinderHollow","28","stormMage","trainingField","13016.8","12105.624","9065.067","33.541","43.593","12105.624","0","","0","true","35.533","25.667"
"0.93","cinderHollow","28","sniper","trainingField","11625.067","10811.312","8033.267","34.582","44.712","10811.312","0","","0","true","31.733","22.733"
"0.93","cinderHollow","28","trapper","trainingField","12570.4","11690.472","8580.067","36.252","46.507","11690.472","0","","0","true","34.2","24.067"
"0.93","cinderHollow","28","beastArcher","trainingField","13161.2","12239.916","7965.467","53.662","65.228","12239.916","0","","0","true","35.933","22.4"
"0.93","cinderHollow","28","party","trainingField","13329.067","12396.032","9791.067","26.606","36.135","12396.032","0","","0","true","36.333","27.6"
"0.93","banditRidgeCamp","28","fighter","deepField","13520.667","13520.667","13086.467","3.318","3.318","11313.636","19.508","19.508","0","true","39.533","38.333"
"0.93","banditRidgeCamp","28","mage","deepField","14496.267","14496.267","15708.333","-7.716","-7.716","13803.866","5.016","5.016","4.984","false","42.4","45.8"
"0.93","banditRidgeCamp","28","archer","deepField","11558.067","11558.067","9242","25.06","25.06","13412.026","-13.823","-13.823","23.823","false","34","26.867"
"0.93","banditRidgeCamp","28","guardian","deepField","12532.933","12532.933","12122.067","3.389","3.389","11551.344","8.498","8.498","1.502","false","36.533","35.4"
"0.93","banditRidgeCamp","28","berserker","deepField","12437.733","12437.733","12802.067","-2.846","-2.846","11476.386","8.377","8.377","1.623","false","36.4","37.4"
"0.93","banditRidgeCamp","28","duelist","deepField","12869.2","12869.2","12241.6","5.127","5.127","11903.938","8.109","8.109","1.891","false","37.6","36"
"0.93","banditRidgeCamp","28","fireMage","deepField","14655.067","14655.067","14555.333","0.685","0.685","12538.384","16.882","16.882","0","true","42.933","42.467"
"0.93","banditRidgeCamp","28","runeMage","deepField","13573.733","13573.733","13399.467","1.301","1.301","12487.172","8.701","8.701","1.299","false","39.733","39.2"
"0.93","banditRidgeCamp","28","stormMage","deepField","13129.4","13129.4","13674.6","-3.987","-3.987","12105.624","8.457","8.457","1.543","false","38.533","40.133"
"0.93","banditRidgeCamp","28","sniper","deepField","7714.333","7714.333","6922.6","11.437","11.437","10811.312","-28.646","-28.646","38.646","false","22.6","20.4"
"0.93","banditRidgeCamp","28","trapper","deepField","11730.6","11730.6","11690.533","0.343","0.343","11690.472","0.343","0.343","9.657","false","34.533","34.2"
"0.93","banditRidgeCamp","28","beastArcher","deepField","8256.267","8256.267","8683.4","-4.919","-4.919","12239.916","-32.546","-32.546","42.546","false","24.2","25.467"
"0.93","banditRidgeCamp","28","party","deepField","15065.867","15065.867","15311.933","-1.607","-1.607","12396.032","21.538","21.538","1.538","false","44.067","44.667"
"0.93","orebackQuarry","28","fighter","deepField","13322.867","13322.867","11834.267","12.579","12.579","11313.636","17.759","17.759","0","true","30.6","28.133"
"0.93","orebackQuarry","28","mage","deepField","12782.2","12782.2","11667.867","9.55","9.55","13803.866","-7.401","-7.401","17.401","false","29.533","27.6"
"0.93","orebackQuarry","28","archer","deepField","14282.733","14282.733","12528.8","13.999","13.999","13412.026","6.492","6.492","3.508","false","32.933","29.2"
"0.93","orebackQuarry","28","guardian","deepField","11381.533","11381.533","10682.2","6.547","6.547","11551.344","-1.47","-1.47","11.47","false","26.733","25"
"0.93","orebackQuarry","28","berserker","deepField","12708.867","12708.867","11179.133","13.684","13.684","11476.386","10.739","10.739","0","true","29.267","25.933"
"0.93","orebackQuarry","28","duelist","deepField","12029.2","12029.2","10451.533","15.095","15.095","11903.938","1.052","1.052","8.948","false","27.733","24.733"
"0.93","orebackQuarry","28","fireMage","deepField","11855.6","11855.6","10816.333","9.608","9.608","12538.384","-5.446","-5.446","15.446","false","27.333","25.6"
"0.93","orebackQuarry","28","runeMage","deepField","13173.933","13173.933","11730.467","12.305","12.305","12487.172","5.5","5.5","4.5","false","30.4","27.667"
"0.93","orebackQuarry","28","stormMage","deepField","10308.333","10308.333","10003.667","3.046","3.046","12105.624","-14.847","-14.847","24.847","false","24.067","23.6"
"0.93","orebackQuarry","28","sniper","deepField","9017.333","9017.333","8583.533","5.054","5.054","10811.312","-16.594","-16.594","26.594","false","20.733","20.133"
"0.93","orebackQuarry","28","trapper","deepField","10997.533","10997.533","10368.333","6.068","6.068","11690.472","-5.927","-5.927","15.927","false","25.4","24.2"
"0.93","orebackQuarry","28","beastArcher","deepField","11094.667","11094.667","9385.8","18.207","18.207","12239.916","-9.357","-9.357","19.357","false","25.467","21.867"
"0.93","orebackQuarry","28","party","deepField","15447.267","15447.267","13895.933","11.164","11.164","12396.032","24.615","24.615","4.615","false","35.533","32.933"
"0.94","rustcoilRuins","19","fighter","trainingField","8744.533","8744.533","7777.467","12.434","12.434","9570.247","-8.628","","0","true","34.4","28.067"
"0.94","rustcoilRuins","19","mage","trainingField","8413.4","8413.4","7240.067","16.206","16.206","9610.948","-12.46","","0","true","33.4","26.067"
"0.94","rustcoilRuins","19","archer","trainingField","8301.8","8301.8","8003.667","3.725","3.725","9829.127","-15.539","","0.539","false","32.4","28.8"
"0.94","rustcoilRuins","19","party","trainingField","8833.333","8833.333","8196.4","7.771","7.771","9793.122","-9.801","","0","true","34.667","29.667"
"0.94","cinderHollow","19","fighter","trainingField","11059.533","10395.961","7807","33.162","41.662","9570.247","8.628","","0","true","35.667","25.733"
"0.94","cinderHollow","19","mage","trainingField","11498.4","10808.496","7703.533","40.306","49.261","9610.948","12.46","","0","true","37.6","25.667"
"0.94","cinderHollow","19","archer","trainingField","12081.333","11356.453","7843.933","44.78","54.021","9829.127","15.539","","0.539","false","39.6","26.133"
"0.94","cinderHollow","19","party","trainingField","11439.267","10752.911","7859.267","36.818","45.551","9793.122","9.801","","0","true","37.333","25.733"
"0.94","banditRidgeCamp","19","fighter","deepField","8828.8","8828.8","8974.067","-1.619","-1.619","9570.247","-7.747","-7.747","17.747","false","37.467","38.067"
"0.94","banditRidgeCamp","19","mage","deepField","9700.2","9700.2","9702.333","-0.022","-0.022","9610.948","0.929","0.929","9.071","false","41.067","41.067"
"0.94","banditRidgeCamp","19","archer","deepField","6366.467","6366.467","6617","-3.786","-3.786","9829.127","-35.229","-35.229","45.229","false","27","28.267"
"0.94","banditRidgeCamp","19","party","deepField","10100.133","10100.133","10884.067","-7.203","-7.203","9793.122","3.135","3.135","6.865","false","42.933","46.2"
"0.94","cinderHollow","28","fighter","trainingField","12165.2","11435.288","9247.533","23.658","31.551","11435.288","0","","0","true","33.2","26.067"
"0.94","cinderHollow","28","mage","trainingField","14842.867","13952.295","9546.467","46.151","55.48","13952.295","0","","0","true","40.667","26.867"
"0.94","cinderHollow","28","archer","trainingField","14421.533","13556.241","8783.867","54.331","64.182","13556.241","0","","0","true","39.4","24.667"
"0.94","cinderHollow","28","guardian","trainingField","12420.8","11675.552","8865.467","31.697","40.103","11675.552","0","","0","true","33.867","24.933"
"0.94","cinderHollow","28","berserker","trainingField","12340.2","11599.788","8572.867","35.308","43.945","11599.788","0","","0","true","33.733","24.333"
"0.94","cinderHollow","28","duelist","trainingField","12799.933","12031.937","8818.2","36.444","45.154","12031.937","0","","0","true","35.067","24.8"
"0.94","cinderHollow","28","fireMage","trainingField","13482.133","12673.205","9059.6","39.887","48.816","12673.205","0","","0","true","36.933","25.533"
"0.94","cinderHollow","28","runeMage","trainingField","13427.067","12621.443","9356.333","34.897","43.508","12621.443","0","","0","true","36.667","26.333"
"0.94","cinderHollow","28","stormMage","trainingField","13016.8","12235.792","9065.067","34.977","43.593","12235.792","0","","0","true","35.533","25.667"
"0.94","cinderHollow","28","sniper","trainingField","11625.067","10927.563","8033.267","36.029","44.712","10927.563","0","","0","true","31.733","22.733"
"0.94","cinderHollow","28","trapper","trainingField","12570.4","11816.176","8580.067","37.717","46.507","11816.176","0","","0","true","34.2","24.067"
"0.94","cinderHollow","28","beastArcher","trainingField","13161.2","12371.528","7965.467","55.315","65.228","12371.528","0","","0","true","35.933","22.4"
"0.94","cinderHollow","28","party","trainingField","13329.067","12529.323","9791.067","27.967","36.135","12529.323","0","","0","true","36.333","27.6"
"0.94","banditRidgeCamp","28","fighter","deepField","13520.667","13520.667","13086.467","3.318","3.318","11435.288","18.236","18.236","0","true","39.533","38.333"
"0.94","banditRidgeCamp","28","mage","deepField","14496.267","14496.267","15708.333","-7.716","-7.716","13952.295","3.899","3.899","6.101","false","42.4","45.8"
"0.94","banditRidgeCamp","28","archer","deepField","11558.067","11558.067","9242","25.06","25.06","13556.241","-14.74","-14.74","24.74","false","34","26.867"
"0.94","banditRidgeCamp","28","guardian","deepField","12532.933","12532.933","12122.067","3.389","3.389","11675.552","7.343","7.343","2.657","false","36.533","35.4"
"0.94","banditRidgeCamp","28","berserker","deepField","12437.733","12437.733","12802.067","-2.846","-2.846","11599.788","7.224","7.224","2.776","false","36.4","37.4"
"0.94","banditRidgeCamp","28","duelist","deepField","12869.2","12869.2","12241.6","5.127","5.127","12031.937","6.959","6.959","3.041","false","37.6","36"
"0.94","banditRidgeCamp","28","fireMage","deepField","14655.067","14655.067","14555.333","0.685","0.685","12673.205","15.638","15.638","0","true","42.933","42.467"
"0.94","banditRidgeCamp","28","runeMage","deepField","13573.733","13573.733","13399.467","1.301","1.301","12621.443","7.545","7.545","2.455","false","39.733","39.2"
"0.94","banditRidgeCamp","28","stormMage","deepField","13129.4","13129.4","13674.6","-3.987","-3.987","12235.792","7.303","7.303","2.697","false","38.533","40.133"
"0.94","banditRidgeCamp","28","sniper","deepField","7714.333","7714.333","6922.6","11.437","11.437","10927.563","-29.405","-29.405","39.405","false","22.6","20.4"
"0.94","banditRidgeCamp","28","trapper","deepField","11730.6","11730.6","11690.533","0.343","0.343","11816.176","-0.724","-0.724","10.724","false","34.533","34.2"
"0.94","banditRidgeCamp","28","beastArcher","deepField","8256.267","8256.267","8683.4","-4.919","-4.919","12371.528","-33.264","-33.264","43.264","false","24.2","25.467"
"0.94","banditRidgeCamp","28","party","deepField","15065.867","15065.867","15311.933","-1.607","-1.607","12529.323","20.245","20.245","0.245","false","44.067","44.667"
"0.94","orebackQuarry","28","fighter","deepField","13322.867","13322.867","11834.267","12.579","12.579","11435.288","16.507","16.507","0","true","30.6","28.133"
"0.94","orebackQuarry","28","mage","deepField","12782.2","12782.2","11667.867","9.55","9.55","13952.295","-8.386","-8.386","18.386","false","29.533","27.6"
"0.94","orebackQuarry","28","archer","deepField","14282.733","14282.733","12528.8","13.999","13.999","13556.241","5.359","5.359","4.641","false","32.933","29.2"
"0.94","orebackQuarry","28","guardian","deepField","11381.533","11381.533","10682.2","6.547","6.547","11675.552","-2.518","-2.518","12.518","false","26.733","25"
"0.94","orebackQuarry","28","berserker","deepField","12708.867","12708.867","11179.133","13.684","13.684","11599.788","9.561","9.561","0.439","false","29.267","25.933"
"0.94","orebackQuarry","28","duelist","deepField","12029.2","12029.2","10451.533","15.095","15.095","12031.937","-0.023","-0.023","10.023","false","27.733","24.733"
"0.94","orebackQuarry","28","fireMage","deepField","11855.6","11855.6","10816.333","9.608","9.608","12673.205","-6.451","-6.451","16.451","false","27.333","25.6"
"0.94","orebackQuarry","28","runeMage","deepField","13173.933","13173.933","11730.467","12.305","12.305","12621.443","4.377","4.377","5.623","false","30.4","27.667"
"0.94","orebackQuarry","28","stormMage","deepField","10308.333","10308.333","10003.667","3.046","3.046","12235.792","-15.753","-15.753","25.753","false","24.067","23.6"
"0.94","orebackQuarry","28","sniper","deepField","9017.333","9017.333","8583.533","5.054","5.054","10927.563","-17.481","-17.481","27.481","false","20.733","20.133"
"0.94","orebackQuarry","28","trapper","deepField","10997.533","10997.533","10368.333","6.068","6.068","11816.176","-6.928","-6.928","16.928","false","25.4","24.2"
"0.94","orebackQuarry","28","beastArcher","deepField","11094.667","11094.667","9385.8","18.207","18.207","12371.528","-10.321","-10.321","20.321","false","25.467","21.867"
"0.94","orebackQuarry","28","party","deepField","15447.267","15447.267","13895.933","11.164","11.164","12529.323","23.289","23.289","3.289","false","35.533","32.933"
"0.95","rustcoilRuins","19","fighter","trainingField","8744.533","8744.533","7777.467","12.434","12.434","9625.545","-9.153","","0","true","34.4","28.067"
"0.95","rustcoilRuins","19","mage","trainingField","8413.4","8413.4","7240.067","16.206","16.206","9668.44","-12.981","","0","true","33.4","26.067"
"0.95","rustcoilRuins","19","archer","trainingField","8301.8","8301.8","8003.667","3.725","3.725","9889.533","-16.055","","1.055","false","32.4","28.8"
"0.95","rustcoilRuins","19","party","trainingField","8833.333","8833.333","8196.4","7.771","7.771","9850.318","-10.324","","0","true","34.667","29.667"
"0.95","cinderHollow","19","fighter","trainingField","11059.533","10506.556","7807","34.579","41.662","9625.545","9.153","","0","true","35.667","25.733"
"0.95","cinderHollow","19","mage","trainingField","11498.4","10923.48","7703.533","41.798","49.261","9668.44","12.981","","0","true","37.6","25.667"
"0.95","cinderHollow","19","archer","trainingField","12081.333","11477.266","7843.933","46.32","54.021","9889.533","16.055","","1.055","false","39.6","26.133"
"0.95","cinderHollow","19","party","trainingField","11439.267","10867.304","7859.267","38.274","45.551","9850.318","10.324","","0","true","37.333","25.733"
"0.95","banditRidgeCamp","19","fighter","deepField","8828.8","8828.8","8974.067","-1.619","-1.619","9625.545","-8.277","-8.277","18.277","false","37.467","38.067"
"0.95","banditRidgeCamp","19","mage","deepField","9700.2","9700.2","9702.333","-0.022","-0.022","9668.44","0.328","0.328","9.672","false","41.067","41.067"
"0.95","banditRidgeCamp","19","archer","deepField","6366.467","6366.467","6617","-3.786","-3.786","9889.533","-35.624","-35.624","45.624","false","27","28.267"
"0.95","banditRidgeCamp","19","party","deepField","10100.133","10100.133","10884.067","-7.203","-7.203","9850.318","2.536","2.536","7.464","false","42.933","46.2"
"0.95","cinderHollow","28","fighter","trainingField","12165.2","11556.94","9247.533","24.973","31.551","11556.94","0","","0","true","33.2","26.067"
"0.95","cinderHollow","28","mage","trainingField","14842.867","14100.724","9546.467","47.706","55.48","14100.724","0","","0","true","40.667","26.867"
"0.95","cinderHollow","28","archer","trainingField","14421.533","13700.456","8783.867","55.973","64.182","13700.456","0","","0","true","39.4","24.667"
"0.95","cinderHollow","28","guardian","trainingField","12420.8","11799.76","8865.467","33.098","40.103","11799.76","0","","0","true","33.867","24.933"
"0.95","cinderHollow","28","berserker","trainingField","12340.2","11723.19","8572.867","36.748","43.945","11723.19","0","","0","true","33.733","24.333"
"0.95","cinderHollow","28","duelist","trainingField","12799.933","12159.936","8818.2","37.896","45.154","12159.936","0","","0","true","35.067","24.8"
"0.95","cinderHollow","28","fireMage","trainingField","13482.133","12808.026","9059.6","41.375","48.816","12808.026","0","","0","true","36.933","25.533"
"0.95","cinderHollow","28","runeMage","trainingField","13427.067","12755.714","9356.333","36.332","43.508","12755.714","0","","0","true","36.667","26.333"
"0.95","cinderHollow","28","stormMage","trainingField","13016.8","12365.96","9065.067","36.413","43.593","12365.96","0","","0","true","35.533","25.667"
"0.95","cinderHollow","28","sniper","trainingField","11625.067","11043.814","8033.267","37.476","44.712","11043.814","0","","0","true","31.733","22.733"
"0.95","cinderHollow","28","trapper","trainingField","12570.4","11941.88","8580.067","39.182","46.507","11941.88","0","","0","true","34.2","24.067"
"0.95","cinderHollow","28","beastArcher","trainingField","13161.2","12503.14","7965.467","56.967","65.228","12503.14","0","","0","true","35.933","22.4"
"0.95","cinderHollow","28","party","trainingField","13329.067","12662.614","9791.067","29.328","36.135","12662.614","0","","0","true","36.333","27.6"
"0.95","banditRidgeCamp","28","fighter","deepField","13520.667","13520.667","13086.467","3.318","3.318","11556.94","16.992","16.992","0","true","39.533","38.333"
"0.95","banditRidgeCamp","28","mage","deepField","14496.267","14496.267","15708.333","-7.716","-7.716","14100.724","2.805","2.805","7.195","false","42.4","45.8"
"0.95","banditRidgeCamp","28","archer","deepField","11558.067","11558.067","9242","25.06","25.06","13700.456","-15.637","-15.637","25.637","false","34","26.867"
"0.95","banditRidgeCamp","28","guardian","deepField","12532.933","12532.933","12122.067","3.389","3.389","11799.76","6.213","6.213","3.787","false","36.533","35.4"
"0.95","banditRidgeCamp","28","berserker","deepField","12437.733","12437.733","12802.067","-2.846","-2.846","11723.19","6.095","6.095","3.905","false","36.4","37.4"
"0.95","banditRidgeCamp","28","duelist","deepField","12869.2","12869.2","12241.6","5.127","5.127","12159.936","5.833","5.833","4.167","false","37.6","36"
"0.95","banditRidgeCamp","28","fireMage","deepField","14655.067","14655.067","14555.333","0.685","0.685","12808.026","14.421","14.421","0","true","42.933","42.467"
"0.95","banditRidgeCamp","28","runeMage","deepField","13573.733","13573.733","13399.467","1.301","1.301","12755.714","6.413","6.413","3.587","false","39.733","39.2"
"0.95","banditRidgeCamp","28","stormMage","deepField","13129.4","13129.4","13674.6","-3.987","-3.987","12365.96","6.174","6.174","3.826","false","38.533","40.133"
"0.95","banditRidgeCamp","28","sniper","deepField","7714.333","7714.333","6922.6","11.437","11.437","11043.814","-30.148","-30.148","40.148","false","22.6","20.4"
"0.95","banditRidgeCamp","28","trapper","deepField","11730.6","11730.6","11690.533","0.343","0.343","11941.88","-1.769","-1.769","11.769","false","34.533","34.2"
"0.95","banditRidgeCamp","28","beastArcher","deepField","8256.267","8256.267","8683.4","-4.919","-4.919","12503.14","-33.966","-33.966","43.966","false","24.2","25.467"
"0.95","banditRidgeCamp","28","party","deepField","15065.867","15065.867","15311.933","-1.607","-1.607","12662.614","18.979","18.979","0","true","44.067","44.667"
"0.95","orebackQuarry","28","fighter","deepField","13322.867","13322.867","11834.267","12.579","12.579","11556.94","15.28","15.28","0","true","30.6","28.133"
"0.95","orebackQuarry","28","mage","deepField","12782.2","12782.2","11667.867","9.55","9.55","14100.724","-9.351","-9.351","19.351","false","29.533","27.6"
"0.95","orebackQuarry","28","archer","deepField","14282.733","14282.733","12528.8","13.999","13.999","13700.456","4.25","4.25","5.75","false","32.933","29.2"
"0.95","orebackQuarry","28","guardian","deepField","11381.533","11381.533","10682.2","6.547","6.547","11799.76","-3.544","-3.544","13.544","false","26.733","25"
"0.95","orebackQuarry","28","berserker","deepField","12708.867","12708.867","11179.133","13.684","13.684","11723.19","8.408","8.408","1.592","false","29.267","25.933"
"0.95","orebackQuarry","28","duelist","deepField","12029.2","12029.2","10451.533","15.095","15.095","12159.936","-1.075","-1.075","11.075","false","27.733","24.733"
"0.95","orebackQuarry","28","fireMage","deepField","11855.6","11855.6","10816.333","9.608","9.608","12808.026","-7.436","-7.436","17.436","false","27.333","25.6"
"0.95","orebackQuarry","28","runeMage","deepField","13173.933","13173.933","11730.467","12.305","12.305","12755.714","3.279","3.279","6.721","false","30.4","27.667"
"0.95","orebackQuarry","28","stormMage","deepField","10308.333","10308.333","10003.667","3.046","3.046","12365.96","-16.639","-16.639","26.639","false","24.067","23.6"
"0.95","orebackQuarry","28","sniper","deepField","9017.333","9017.333","8583.533","5.054","5.054","11043.814","-18.349","-18.349","28.349","false","20.733","20.133"
"0.95","orebackQuarry","28","trapper","deepField","10997.533","10997.533","10368.333","6.068","6.068","11941.88","-7.908","-7.908","17.908","false","25.4","24.2"
"0.95","orebackQuarry","28","beastArcher","deepField","11094.667","11094.667","9385.8","18.207","18.207","12503.14","-11.265","-11.265","21.265","false","25.467","21.867"
"0.95","orebackQuarry","28","party","deepField","15447.267","15447.267","13895.933","11.164","11.164","12662.614","21.991","21.991","1.991","false","35.533","32.933"
"0.975","rustcoilRuins","19","fighter","trainingField","8744.533","8744.533","7777.467","12.434","12.434","9763.789","-10.439","","0","true","34.4","28.067"
"0.975","rustcoilRuins","19","mage","trainingField","8413.4","8413.4","7240.067","16.206","16.206","9812.17","-14.255","","0","true","33.4","26.067"
"0.975","rustcoilRuins","19","archer","trainingField","8301.8","8301.8","8003.667","3.725","3.725","10040.55","-17.317","","2.317","false","32.4","28.8"
"0.975","rustcoilRuins","19","party","trainingField","8833.333","8833.333","8196.4","7.771","7.771","9993.309","-11.608","","0","true","34.667","29.667"
"0.975","cinderHollow","19","fighter","trainingField","11059.533","10783.045","7807","38.12","41.662","9763.789","10.439","","0","true","35.667","25.733"
"0.975","cinderHollow","19","mage","trainingField","11498.4","11210.94","7703.533","45.53","49.261","9812.17","14.255","","0","true","37.6","25.667"
"0.975","cinderHollow","19","archer","trainingField","12081.333","11779.3","7843.933","50.171","54.021","10040.55","17.317","","2.317","false","39.6","26.133"
"0.975","cinderHollow","19","party","trainingField","11439.267","11153.285","7859.267","41.913","45.551","9993.309","11.608","","0","true","37.333","25.733"
"0.975","banditRidgeCamp","19","fighter","deepField","8828.8","8828.8","8974.067","-1.619","-1.619","9763.789","-9.576","-9.576","19.576","false","37.467","38.067"
"0.975","banditRidgeCamp","19","mage","deepField","9700.2","9700.2","9702.333","-0.022","-0.022","9812.17","-1.141","-1.141","11.141","false","41.067","41.067"
"0.975","banditRidgeCamp","19","archer","deepField","6366.467","6366.467","6617","-3.786","-3.786","10040.55","-36.592","-36.592","46.592","false","27","28.267"
"0.975","banditRidgeCamp","19","party","deepField","10100.133","10100.133","10884.067","-7.203","-7.203","9993.309","1.069","1.069","8.931","false","42.933","46.2"
"0.975","cinderHollow","28","fighter","trainingField","12165.2","11861.07","9247.533","28.262","31.551","11861.07","0","","0","true","33.2","26.067"
"0.975","cinderHollow","28","mage","trainingField","14842.867","14471.795","9546.467","51.593","55.48","14471.795","0","","0","true","40.667","26.867"
"0.975","cinderHollow","28","archer","trainingField","14421.533","14060.995","8783.867","60.077","64.182","14060.995","0","","0","true","39.4","24.667"
"0.975","cinderHollow","28","guardian","trainingField","12420.8","12110.28","8865.467","36.601","40.103","12110.28","0","","0","true","33.867","24.933"
"0.975","cinderHollow","28","berserker","trainingField","12340.2","12031.695","8572.867","40.346","43.945","12031.695","0","","0","true","33.733","24.333"
"0.975","cinderHollow","28","duelist","trainingField","12799.933","12479.935","8818.2","41.525","45.154","12479.935","0","","0","true","35.067","24.8"
"0.975","cinderHollow","28","fireMage","trainingField","13482.133","13145.08","9059.6","45.096","48.816","13145.08","0","","0","true","36.933","25.533"
"0.975","cinderHollow","28","runeMage","trainingField","13427.067","13091.39","9356.333","39.92","43.508","13091.39","0","","0","true","36.667","26.333"
"0.975","cinderHollow","28","stormMage","trainingField","13016.8","12691.38","9065.067","40.003","43.593","12691.38","0","","0","true","35.533","25.667"
"0.975","cinderHollow","28","sniper","trainingField","11625.067","11334.44","8033.267","41.094","44.712","11334.44","0","","0","true","31.733","22.733"
"0.975","cinderHollow","28","trapper","trainingField","12570.4","12256.14","8580.067","42.844","46.507","12256.14","0","","0","true","34.2","24.067"
"0.975","cinderHollow","28","beastArcher","trainingField","13161.2","12832.17","7965.467","61.098","65.228","12832.17","0","","0","true","35.933","22.4"
"0.975","cinderHollow","28","party","trainingField","13329.067","12995.84","9791.067","32.732","36.135","12995.84","0","","0","true","36.333","27.6"
"0.975","banditRidgeCamp","28","fighter","deepField","13520.667","13520.667","13086.467","3.318","3.318","11861.07","13.992","13.992","0","true","39.533","38.333"
"0.975","banditRidgeCamp","28","mage","deepField","14496.267","14496.267","15708.333","-7.716","-7.716","14471.795","0.169","0.169","9.831","false","42.4","45.8"
"0.975","banditRidgeCamp","28","archer","deepField","11558.067","11558.067","9242","25.06","25.06","14060.995","-17.801","-17.801","27.801","false","34","26.867"
"0.975","banditRidgeCamp","28","guardian","deepField","12532.933","12532.933","12122.067","3.389","3.389","12110.28","3.49","3.49","6.51","false","36.533","35.4"
"0.975","banditRidgeCamp","28","berserker","deepField","12437.733","12437.733","12802.067","-2.846","-2.846","12031.695","3.375","3.375","6.625","false","36.4","37.4"
"0.975","banditRidgeCamp","28","duelist","deepField","12869.2","12869.2","12241.6","5.127","5.127","12479.935","3.119","3.119","6.881","false","37.6","36"
"0.975","banditRidgeCamp","28","fireMage","deepField","14655.067","14655.067","14555.333","0.685","0.685","13145.08","11.487","11.487","0","true","42.933","42.467"
"0.975","banditRidgeCamp","28","runeMage","deepField","13573.733","13573.733","13399.467","1.301","1.301","13091.39","3.684","3.684","6.316","false","39.733","39.2"
"0.975","banditRidgeCamp","28","stormMage","deepField","13129.4","13129.4","13674.6","-3.987","-3.987","12691.38","3.451","3.451","6.549","false","38.533","40.133"
"0.975","banditRidgeCamp","28","sniper","deepField","7714.333","7714.333","6922.6","11.437","11.437","11334.44","-31.939","-31.939","41.939","false","22.6","20.4"
"0.975","banditRidgeCamp","28","trapper","deepField","11730.6","11730.6","11690.533","0.343","0.343","12256.14","-4.288","-4.288","14.288","false","34.533","34.2"
"0.975","banditRidgeCamp","28","beastArcher","deepField","8256.267","8256.267","8683.4","-4.919","-4.919","12832.17","-35.66","-35.66","45.66","false","24.2","25.467"
"0.975","banditRidgeCamp","28","party","deepField","15065.867","15065.867","15311.933","-1.607","-1.607","12995.84","15.928","15.928","0","true","44.067","44.667"
"0.975","orebackQuarry","28","fighter","deepField","13322.867","13322.867","11834.267","12.579","12.579","11861.07","12.324","12.324","0","true","30.6","28.133"
"0.975","orebackQuarry","28","mage","deepField","12782.2","12782.2","11667.867","9.55","9.55","14471.795","-11.675","-11.675","21.675","false","29.533","27.6"
"0.975","orebackQuarry","28","archer","deepField","14282.733","14282.733","12528.8","13.999","13.999","14060.995","1.577","1.577","8.423","false","32.933","29.2"
"0.975","orebackQuarry","28","guardian","deepField","11381.533","11381.533","10682.2","6.547","6.547","12110.28","-6.018","-6.018","16.018","false","26.733","25"
"0.975","orebackQuarry","28","berserker","deepField","12708.867","12708.867","11179.133","13.684","13.684","12031.695","5.628","5.628","4.372","false","29.267","25.933"
"0.975","orebackQuarry","28","duelist","deepField","12029.2","12029.2","10451.533","15.095","15.095","12479.935","-3.612","-3.612","13.612","false","27.733","24.733"
"0.975","orebackQuarry","28","fireMage","deepField","11855.6","11855.6","10816.333","9.608","9.608","13145.08","-9.81","-9.81","19.81","false","27.333","25.6"
"0.975","orebackQuarry","28","runeMage","deepField","13173.933","13173.933","11730.467","12.305","12.305","13091.39","0.631","0.631","9.369","false","30.4","27.667"
"0.975","orebackQuarry","28","stormMage","deepField","10308.333","10308.333","10003.667","3.046","3.046","12691.38","-18.777","-18.777","28.777","false","24.067","23.6"
"0.975","orebackQuarry","28","sniper","deepField","9017.333","9017.333","8583.533","5.054","5.054","11334.44","-20.443","-20.443","30.443","false","20.733","20.133"
"0.975","orebackQuarry","28","trapper","deepField","10997.533","10997.533","10368.333","6.068","6.068","12256.14","-10.269","-10.269","20.269","false","25.4","24.2"
"0.975","orebackQuarry","28","beastArcher","deepField","11094.667","11094.667","9385.8","18.207","18.207","12832.17","-13.54","-13.54","23.54","false","25.467","21.867"
"0.975","orebackQuarry","28","party","deepField","15447.267","15447.267","13895.933","11.164","11.164","12995.84","18.863","18.863","0","true","35.533","32.933"
"1","rustcoilRuins","19","fighter","trainingField","8744.533","8744.533","7777.467","12.434","12.434","9902.033","-11.69","","0","true","34.4","28.067"
"1","rustcoilRuins","19","mage","trainingField","8413.4","8413.4","7240.067","16.206","16.206","9955.9","-15.493","","0.493","false","33.4","26.067"
"1","rustcoilRuins","19","archer","trainingField","8301.8","8301.8","8003.667","3.725","3.725","10191.567","-18.542","","3.542","false","32.4","28.8"
"1","rustcoilRuins","19","party","trainingField","8833.333","8833.333","8196.4","7.771","7.771","10136.3","-12.854","","0","true","34.667","29.667"
"1","cinderHollow","19","fighter","trainingField","11059.533","11059.533","7807","41.662","41.662","9902.033","11.69","","0","true","35.667","25.733"
"1","cinderHollow","19","mage","trainingField","11498.4","11498.4","7703.533","49.261","49.261","9955.9","15.493","","0.493","false","37.6","25.667"
"1","cinderHollow","19","archer","trainingField","12081.333","12081.333","7843.933","54.021","54.021","10191.567","18.542","","3.542","false","39.6","26.133"
"1","cinderHollow","19","party","trainingField","11439.267","11439.267","7859.267","45.551","45.551","10136.3","12.854","","0","true","37.333","25.733"
"1","banditRidgeCamp","19","fighter","deepField","8828.8","8828.8","8974.067","-1.619","-1.619","9902.033","-10.839","-10.839","20.839","false","37.467","38.067"
"1","banditRidgeCamp","19","mage","deepField","9700.2","9700.2","9702.333","-0.022","-0.022","9955.9","-2.568","-2.568","12.568","false","41.067","41.067"
"1","banditRidgeCamp","19","archer","deepField","6366.467","6366.467","6617","-3.786","-3.786","10191.567","-37.532","-37.532","47.532","false","27","28.267"
"1","banditRidgeCamp","19","party","deepField","10100.133","10100.133","10884.067","-7.203","-7.203","10136.3","-0.357","-0.357","10.357","false","42.933","46.2"
"1","cinderHollow","28","fighter","trainingField","12165.2","12165.2","9247.533","31.551","31.551","12165.2","0","","0","true","33.2","26.067"
"1","cinderHollow","28","mage","trainingField","14842.867","14842.867","9546.467","55.48","55.48","14842.867","0","","0","true","40.667","26.867"
"1","cinderHollow","28","archer","trainingField","14421.533","14421.533","8783.867","64.182","64.182","14421.533","0","","0","true","39.4","24.667"
"1","cinderHollow","28","guardian","trainingField","12420.8","12420.8","8865.467","40.103","40.103","12420.8","0","","0","true","33.867","24.933"
"1","cinderHollow","28","berserker","trainingField","12340.2","12340.2","8572.867","43.945","43.945","12340.2","0","","0","true","33.733","24.333"
"1","cinderHollow","28","duelist","trainingField","12799.933","12799.933","8818.2","45.154","45.154","12799.933","0","","0","true","35.067","24.8"
"1","cinderHollow","28","fireMage","trainingField","13482.133","13482.133","9059.6","48.816","48.816","13482.133","0","","0","true","36.933","25.533"
"1","cinderHollow","28","runeMage","trainingField","13427.067","13427.067","9356.333","43.508","43.508","13427.067","0","","0","true","36.667","26.333"
"1","cinderHollow","28","stormMage","trainingField","13016.8","13016.8","9065.067","43.593","43.593","13016.8","0","","0","true","35.533","25.667"
"1","cinderHollow","28","sniper","trainingField","11625.067","11625.067","8033.267","44.712","44.712","11625.067","0","","0","true","31.733","22.733"
"1","cinderHollow","28","trapper","trainingField","12570.4","12570.4","8580.067","46.507","46.507","12570.4","0","","0","true","34.2","24.067"
"1","cinderHollow","28","beastArcher","trainingField","13161.2","13161.2","7965.467","65.228","65.228","13161.2","0","","0","true","35.933","22.4"
"1","cinderHollow","28","party","trainingField","13329.067","13329.067","9791.067","36.135","36.135","13329.067","0","","0","true","36.333","27.6"
"1","banditRidgeCamp","28","fighter","deepField","13520.667","13520.667","13086.467","3.318","3.318","12165.2","11.142","11.142","0","true","39.533","38.333"
"1","banditRidgeCamp","28","mage","deepField","14496.267","14496.267","15708.333","-7.716","-7.716","14842.867","-2.335","-2.335","12.335","false","42.4","45.8"
"1","banditRidgeCamp","28","archer","deepField","11558.067","11558.067","9242","25.06","25.06","14421.533","-19.855","-19.855","29.855","false","34","26.867"
"1","banditRidgeCamp","28","guardian","deepField","12532.933","12532.933","12122.067","3.389","3.389","12420.8","0.903","0.903","9.097","false","36.533","35.4"
"1","banditRidgeCamp","28","berserker","deepField","12437.733","12437.733","12802.067","-2.846","-2.846","12340.2","0.79","0.79","9.21","false","36.4","37.4"
"1","banditRidgeCamp","28","duelist","deepField","12869.2","12869.2","12241.6","5.127","5.127","12799.933","0.541","0.541","9.459","false","37.6","36"
"1","banditRidgeCamp","28","fireMage","deepField","14655.067","14655.067","14555.333","0.685","0.685","13482.133","8.7","8.7","1.3","false","42.933","42.467"
"1","banditRidgeCamp","28","runeMage","deepField","13573.733","13573.733","13399.467","1.301","1.301","13427.067","1.092","1.092","8.908","false","39.733","39.2"
"1","banditRidgeCamp","28","stormMage","deepField","13129.4","13129.4","13674.6","-3.987","-3.987","13016.8","0.865","0.865","9.135","false","38.533","40.133"
"1","banditRidgeCamp","28","sniper","deepField","7714.333","7714.333","6922.6","11.437","11.437","11625.067","-33.641","-33.641","43.641","false","22.6","20.4"
"1","banditRidgeCamp","28","trapper","deepField","11730.6","11730.6","11690.533","0.343","0.343","12570.4","-6.681","-6.681","16.681","false","34.533","34.2"
"1","banditRidgeCamp","28","beastArcher","deepField","8256.267","8256.267","8683.4","-4.919","-4.919","13161.2","-37.268","-37.268","47.268","false","24.2","25.467"
"1","banditRidgeCamp","28","party","deepField","15065.867","15065.867","15311.933","-1.607","-1.607","13329.067","13.03","13.03","0","true","44.067","44.667"
"1","orebackQuarry","28","fighter","deepField","13322.867","13322.867","11834.267","12.579","12.579","12165.2","9.516","9.516","0.484","false","30.6","28.133"
"1","orebackQuarry","28","mage","deepField","12782.2","12782.2","11667.867","9.55","9.55","14842.867","-13.883","-13.883","23.883","false","29.533","27.6"
"1","orebackQuarry","28","archer","deepField","14282.733","14282.733","12528.8","13.999","13.999","14421.533","-0.962","-0.962","10.962","false","32.933","29.2"
"1","orebackQuarry","28","guardian","deepField","11381.533","11381.533","10682.2","6.547","6.547","12420.8","-8.367","-8.367","18.367","false","26.733","25"
"1","orebackQuarry","28","berserker","deepField","12708.867","12708.867","11179.133","13.684","13.684","12340.2","2.988","2.988","7.012","false","29.267","25.933"
"1","orebackQuarry","28","duelist","deepField","12029.2","12029.2","10451.533","15.095","15.095","12799.933","-6.021","-6.021","16.021","false","27.733","24.733"
"1","orebackQuarry","28","fireMage","deepField","11855.6","11855.6","10816.333","9.608","9.608","13482.133","-12.064","-12.064","22.064","false","27.333","25.6"
"1","orebackQuarry","28","runeMage","deepField","13173.933","13173.933","11730.467","12.305","12.305","13427.067","-1.885","-1.885","11.885","false","30.4","27.667"
"1","orebackQuarry","28","stormMage","deepField","10308.333","10308.333","10003.667","3.046","3.046","13016.8","-20.807","-20.807","30.807","false","24.067","23.6"
"1","orebackQuarry","28","sniper","deepField","9017.333","9017.333","8583.533","5.054","5.054","11625.067","-22.432","-22.432","32.432","false","20.733","20.133"
"1","orebackQuarry","28","trapper","deepField","10997.533","10997.533","10368.333","6.068","6.068","12570.4","-12.512","-12.512","22.512","false","25.4","24.2"
"1","orebackQuarry","28","beastArcher","deepField","11094.667","11094.667","9385.8","18.207","18.207","13161.2","-15.702","-15.702","25.702","false","25.467","21.867"
"1","orebackQuarry","28","party","deepField","15447.267","15447.267","13895.933","11.164","11.164","13329.067","15.892","15.892","0","true","35.533","32.933"
