"mapId","level","classId","party","eligibleForComparison","mainXpPerMinute","optionalXpPerMinute","optionalXpAdvantagePercent","moderateRewardPremium","mainLeaderDamageTakenPerMinute","optionalLeaderDamageTakenPerMinute","mainConsumableCostPerMinute","optionalConsumableCostPerMinute","mainDeaths","optionalDeaths","mainCompanionDowns","optionalCompanionDowns","mainCompanionDownMemberSeconds","optionalCompanionDownMemberSeconds","mainTravelPercent","optionalTravelPercent","mainRespawnWaitingPercent","optionalRespawnWaitingPercent","mainStuckSeconds","optionalStuckSeconds","higherCompanionRecoveryBurden","higherMeasuredPressure","mapName"
"greenrootMeadow","3","fighter","false","true","818.133","815.8","-0.285","false","39.867","74.733","277.667","331.333","0","0","0","0","0","0","50.767","52.278","0.148","0","0","0","false","true","Starfall Verge"
"greenrootMeadow","3","mage","false","true","782.867","753.133","-3.798","false","39.2","90.6","231","275.333","0","0","0","0","0","0","51.371","52.263","0.148","0","2.278","0","false","true","Starfall Verge"
"greenrootMeadow","3","archer","false","true","803.2","678.733","-15.496","false","42.8","63","317.333","394.333","0","0","0","0","0","0","49.882","46.904","0.233","0","2.244","0","false","true","Starfall Verge"
"greenrootMeadow","3","fighter","true","true","890.6","918.467","3.129","false","26.533","55.067","228.667","270.667","0","0","25","27","32.7","35.833","47.893","51.793","0.13","0","0","0","true","true","Starfall Verge"
"greenrootMeadow","6","fighter","false","true","1269.533","1216.467","-4.18","false","62.867","84.867","571.667","595","0","0","0","0","0","0","49.815","53","0.089","0","0","0.589","false","true","Starfall Verge"
"greenrootMeadow","6","mage","false","true","1397.2","1337.8","-4.251","false","49.867","81.4","497","506.333","0","0","0","0","0","0","46.337","53.556","0.326","0","0.089","0.1","false","true","Starfall Verge"
"greenrootMeadow","6","archer","false","true","1434.6","1317.4","-8.17","false","38.333","76.667","499.333","578.667","0","0","0","0","0","0","49.655","49.407","0.489","0","0","2.155","false","true","Starfall Verge"
"greenrootMeadow","6","fighter","true","true","1469.067","1344.933","-8.45","false","37","58","574","571.667","0","0","23","27","30.667","36","46.159","52.318","0.193","0.115","0.189","0","true","true","Starfall Verge"
"thornpathThicket","6","fighter","false","true","2164.533","1799.267","-16.875","false","91.133","111.133","578.667","611.333","0","0","0","0","0","0","47.185","55.274","0.123","0","0","0.211","false","true","Thornpath Thicket"
"thornpathThicket","6","mage","false","true","1867.467","1755.667","-5.987","false","134.8","193.867","541.333","536.667","0","0","0","0","0","0","46.956","50.818","0.155","0.026","0","0","false","true","Thornpath Thicket"
"thornpathThicket","6","archer","false","true","2119.867","1958.4","-7.617","false","157.667","179.467","611.333","555.333","0","0","0","0","0","0","43.574","50.607","0.318","0.089","0","0","false","true","Thornpath Thicket"
"thornpathThicket","6","fighter","true","true","2208.933","2247.667","1.754","false","46.6","111.067","557.667","616","0","0","57","67","76.478","89.167","54.819","58.933","0.281","0","0","0","true","true","Thornpath Thicket"
"thornpathThicket","14","fighter","false","true","3501.6","3212.733","-8.25","false","65.467","142.733","574","616","0","0","0","0","0","0","58.722","60.241","0.341","0.048","0","0","false","true","Thornpath Thicket"
"thornpathThicket","14","mage","false","true","3310.067","3142.267","-5.069","false","142.733","173.267","641.667","639.333","0","0","0","0","0","0","57.344","60.441","0.3","0","0","0","false","true","Thornpath Thicket"
"thornpathThicket","14","archer","false","true","3051.867","3134.8","2.717","false","163.467","147.067","634.667","632.333","0","0","0","0","0","0","55.048","61.408","0.441","0.107","0","0","false","false","Thornpath Thicket"
"thornpathThicket","14","fighter","true","true","3664.8","3606.933","-1.579","false","58.933","98.8","562.333","585.667","0","0","47","51","63.2","65.967","62.578","63.204","0.563","0.144","0","0","true","true","Thornpath Thicket"
"rustcoilRuins","14","fighter","false","true","4976.6","3477.933","-30.114","false","384.733","236.2","728","665","0","0","0","0","0","0","25.326","46.915","0","0.022","0","0.067","false","false","Rustcoil Ruins"
"rustcoilRuins","14","mage","false","true","4116.533","3172.667","-22.929","false","577.2","483.333","868","826","0","0","0","0","0","0","26.033","48.537","0","0.133","0.356","0","false","false","Rustcoil Ruins"
"rustcoilRuins","14","archer","false","true","3784.267","3082.133","-18.554","false","572.133","451.533","835.333","807.333","0","0","0","0","0","0","22.226","47.374","0","0.044","0","0","false","false","Rustcoil Ruins"
"rustcoilRuins","14","fighter","true","true","5946.067","4006.467","-32.62","false","277.733","117.733","690.667","620.667","0","0","59","76","79.833","101.333","25.167","55.067","0","0.111","0.044","0","true","true","Rustcoil Ruins"
"rustcoilRuins","19","fighter","false","true","8744.533","4239.6","-51.517","false","145","83.8","1014.333","663","0","0","0","0","0","0","30.489","65.155","0","0.13","0.289","0","false","false","Rustcoil Ruins"
"rustcoilRuins","19","mage","false","true","8413.4","4536.067","-46.085","false","251.467","221.8","1116.333","799","0","0","0","0","0","0","29.456","59.248","0","0.178","0","0","false","false","Rustcoil Ruins"
"rustcoilRuins","19","archer","false","true","8301.8","4993.867","-39.846","false","343.333","232.067","1331.667","940.667","0","0","0","0","0","0","29.693","58.556","0","0.141","0","0","false","false","Rustcoil Ruins"
"rustcoilRuins","19","fighter","true","true","8833.333","5119.2","-42.047","false","149.867","96.733","963.333","708.333","0","0","72","74","96.733","98.678","34.578","62.126","0","0.152","0.078","0","true","true","Rustcoil Ruins"
"cinderHollow","19","fighter","false","true","11059.533","9875.733","-10.704","false","113.933","342.6","923.667","1003","0","0","0","0","0","0","35.637","37.237","0.044","0.033","0","0","false","true","Cinder Hollow"
"cinderHollow","19","mage","false","true","11498.4","10123.667","-11.956","false","203.867","281.133","1110.667","1025.667","0","0","0","0","0","0","33.219","42.019","0.096","0.2","0","0.933","false","true","Cinder Hollow"
"cinderHollow","19","archer","false","true","12081.333","10497.333","-13.111","false","238.2","423.867","1252.333","1235.333","0","0","0","0","0","0","35.381","40.7","0.107","0.126","0","0.133","false","true","Cinder Hollow"
"cinderHollow","19","fighter","true","true","11439.267","10598","-7.354","false","131.133","237.667","906.667","918","0","0","88","92","115.511","122.667","39.341","38.922","0.193","0.156","0","0.511","true","true","Cinder Hollow"
"banditRidgeCamp","19","fighter","false","true","8828.8","7582.333","-14.118","false","165","305","980.333","1014.333","0","0","0","0","0","0","19.167","28.478","0","0","0","0.067","false","true","Bandit Ridge Camp"
"banditRidgeCamp","19","mage","false","true","9700.2","7993.533","-17.594","false","168.333","249.6","1133.333","1082.333","0","0","0","0","0","0","18.189","27.711","0.044","0.085","0","0","false","true","Bandit Ridge Camp"
"banditRidgeCamp","19","archer","false","true","6366.467","6796.867","6.76","false","180.933","277.933","1297.667","1246.667","0","0","0","0","0","0","14.274","24.3","0.015","0","0","1.189","false","true","Bandit Ridge Camp"
"banditRidgeCamp","19","fighter","true","true","10100.133","8761.133","-13.257","false","156.533","262.933","986","986","0","0","53","73","71.711","97.144","17.393","27.004","0","0","0","0.111","true","true","Bandit Ridge Camp"
"cinderHollow","28","fighter","false","true","12165.2","11039.333","-9.255","false","56.733","185.067","787.667","810.333","0","0","0","0","0","0","50.493","50.037","0.2","0.333","0.367","0","false","true","Cinder Hollow"
"cinderHollow","28","mage","false","true","14842.867","11799.933","-20.501","false","180.867","232.2","980.333","884","0","0","0","0","0","0","40.378","51.871","0.119","0.296","0","0","false","true","Cinder Hollow"
"cinderHollow","28","archer","false","true","14421.533","10917.133","-24.3","false","209.867","301.533","1122","1025.667","0","0","0","0","0","0","40.441","50.767","0.285","0.148","0","2.333","false","true","Cinder Hollow"
"cinderHollow","28","guardian","false","true","12420.8","10493.2","-15.519","false","64.733","163.467","515.667","504.333","0","0","0","0","0","0","37.263","44.5","0.118","0.052","0.289","0","false","true","Cinder Hollow"
"cinderHollow","28","berserker","false","true","12340.2","10732.533","-13.028","false","77.867","200.4","714","731","0","0","0","0","0","0","41.578","47.426","0.285","0.185","0","0","false","true","Cinder Hollow"
"cinderHollow","28","duelist","false","true","12799.933","10454.533","-18.324","false","144.8","234.667","861.333","787.667","0","0","0","0","0","0","38.633","47.396","0.163","0.141","0","0","false","true","Cinder Hollow"
"cinderHollow","28","fireMage","false","true","13482.133","11129.733","-17.448","false","149.467","280.733","918","918","0","0","0","0","0","0","42.726","50.589","0.381","0.322","0","0","false","true","Cinder Hollow"
"cinderHollow","28","runeMage","false","true","13427.067","11069.2","-17.561","false","115.733","244.4","923.667","952","0","0","0","0","0","0","48.222","48.83","0.204","0.159","0","0.256","false","true","Cinder Hollow"
"cinderHollow","28","stormMage","false","true","13016.8","11392.2","-12.481","false","221.067","277.267","1003","957.667","0","0","0","0","0","0","35.855","44.907","0.27","0.308","0","0","false","true","Cinder Hollow"
"cinderHollow","28","sniper","false","true","11625.067","10220.267","-12.084","false","551.267","331.733","991.667","770.667","0","0","0","0","0","0","24.1","38.6","0.063","0.052","2.211","0","false","false","Cinder Hollow"
"cinderHollow","28","trapper","false","true","12570.4","10509.133","-16.398","false","144.133","205.933","691.333","663","0","0","0","0","0","0","32.182","40.404","0.152","0.111","0","1.478","false","true","Cinder Hollow"
"cinderHollow","28","beastArcher","false","true","13161.2","10539.267","-19.922","false","379.267","332.4","895.333","782","0","0","0","0","0","0","28.785","43.896","0.089","0.148","0","0","false","false","Cinder Hollow"
"cinderHollow","28","fighter","true","true","13329.067","11494.267","-13.765","false","64.467","200.8","787.667","799","0","0","85","71","112.533","94.422","52.004","51.234","0.215","0.026","0","0","false","true","Cinder Hollow"
"banditRidgeCamp","28","fighter","false","true","13520.667","11268.267","-16.659","false","171.133","237.8","952","918","0","0","0","0","0","0","21.226","38.082","0","0","0","0","false","true","Bandit Ridge Camp"
"banditRidgeCamp","28","mage","false","true","14496.267","12812.267","-11.617","false","140.067","186.133","1003","974.667","0","0","0","0","0","0","23.363","33.863","0.078","0","0","0","false","true","Bandit Ridge Camp"
"banditRidgeCamp","28","archer","false","true","11558.067","8742.2","-24.363","false","200.4","241.6","1246.667","1218.333","0","0","0","0","0","0","17.648","25.993","0","0","0.567","0","false","true","Bandit Ridge Camp"
"banditRidgeCamp","28","guardian","false","true","12532.933","10292.6","-17.876","false","144.533","221.8","538.333","572.333","0","0","0","0","0","0","17.3","31.363","0","0","0","0","false","true","Bandit Ridge Camp"
"banditRidgeCamp","28","berserker","false","true","12437.733","10788.533","-13.26","false","144.8","265.533","742.333","799","0","0","0","0","0","0","25.83","32.881","0","0","0","0.344","false","true","Bandit Ridge Camp"
"banditRidgeCamp","28","duelist","false","true","12869.2","10213.6","-20.635","false","215.6","252.8","923.667","867","0","0","0","0","0","0","21.115","35.522","0","0","0.133","0","false","true","Bandit Ridge Camp"
"banditRidgeCamp","28","fireMage","false","true","14655.067","12159.6","-17.028","false","123.333","246","963.333","957.667","0","0","0","0","0","0","23.767","34.974","0.052","0","0","0.311","false","true","Bandit Ridge Camp"
"banditRidgeCamp","28","runeMage","false","true","13573.733","11719","-13.664","false","106.867","219.133","1014.333","1020","0","0","0","0","0","0","26.304","39.993","0.126","0","0","0","false","true","Bandit Ridge Camp"
"banditRidgeCamp","28","stormMage","false","true","13129.4","11539.6","-12.109","false","107.2","222.4","963.333","980.333","0","0","0","0","0","0","25.189","35.052","0.089","0","0","0","false","true","Bandit Ridge Camp"
"banditRidgeCamp","28","sniper","false","true","7714.333","8264.2","7.128","false","254.4","372.467","855.667","895.333","0","0","0","0","0","0","10.911","21.678","0","0","0","0","false","true","Bandit Ridge Camp"
"banditRidgeCamp","28","trapper","false","true","11730.6","10386.667","-11.457","false","138.467","189.8","742.333","685.667","0","0","0","0","0","0","18.1","33.911","0","0","0.011","0","false","true","Bandit Ridge Camp"
"banditRidgeCamp","28","beastArcher","false","true","8256.267","8951.6","8.422","false","168.267","301.2","912.333","867","0","0","0","0","0","0","15.559","22.337","0","0","0.078","1.1","false","true","Bandit Ridge Camp"
"banditRidgeCamp","28","fighter","true","true","15065.867","12931.333","-14.168","false","202.933","296.667","974.667","963.333","0","0","47","54","61.4","73.056","18.033","30.83","0","0","0","0.011","true","true","Bandit Ridge Camp"
"orebackQuarry","28","fighter","false","true","13322.867","9780.667","-26.587","false","153.933","74.933","1003","736.667","0","0","0","0","0","0","36.948","57.026","0","0.107","0","0","false","false","Oreback Quarry"
"orebackQuarry","28","mage","false","true","12782.2","9804","-23.3","false","444.8","154.667","1201.333","827.333","0","0","0","0","0","0","34.056","51.059","0.015","0.211","0","1.678","false","false","Oreback Quarry"
"orebackQuarry","28","archer","false","true","14282.733","9119.667","-36.149","false","448.667","125.733","1388.333","923.667","0","0","0","0","0","0","34.078","54.804","0.033","0.389","0.322","0","false","false","Oreback Quarry"
"orebackQuarry","28","guardian","false","true","11381.533","8581.867","-24.598","false","231.467","72.467","640.333","442","0","0","0","0","0","0","34.607","54.696","0","0.096","0","0","false","false","Oreback Quarry"
"orebackQuarry","28","berserker","false","true","12708.867","9478.467","-25.418","false","203.267","98.2","878.333","702.667","0","0","0","0","0","0","34.13","50.689","0.026","0.156","0","0","false","false","Oreback Quarry"
"orebackQuarry","28","duelist","false","true","12029.2","9173.533","-23.739","false","287.733","99.867","1025.667","770.667","0","0","0","0","0","0","29.463","49.43","0.007","0.041","0","0","false","false","Oreback Quarry"
"orebackQuarry","28","fireMage","false","true","11855.6","9015.8","-23.953","false","564.133","159.6","1246.667","872.667","0","0","0","0","0","0","27.941","45.778","0.037","0.085","0","0","false","false","Oreback Quarry"
"orebackQuarry","28","runeMage","false","true","13173.933","8887.267","-32.539","false","329.6","113.133","1195.667","867","0","0","0","0","0","0","34.478","58.352","0","0.378","0","0","false","false","Oreback Quarry"
"orebackQuarry","28","stormMage","false","true","10308.333","8593.533","-16.635","false","481.533","159.267","1229.667","906.667","0","0","0","0","0","0","28.148","42.519","0","0.122","1.489","0","false","false","Oreback Quarry"
"orebackQuarry","28","sniper","false","true","9017.333","8106.867","-10.097","false","715.067","311.4","1133.333","787.667","0","0","0","0","0","0","21.774","34.004","0.059","0.074","0","0.089","false","false","Oreback Quarry"
"orebackQuarry","28","trapper","false","true","10997.533","7968.2","-27.546","false","449.133","124.467","986","657.333","0","0","0","0","0","0","29.397","47.182","0","0.215","0","2.055","false","false","Oreback Quarry"
"orebackQuarry","28","beastArcher","false","true","11094.667","8373","-24.531","false","578.933","211.2","1054","799","0","0","0","0","0","0","25.426","41.5","0.026","0.104","0","0","false","false","Oreback Quarry"
"orebackQuarry","28","fighter","true","true","15447.267","12399.4","-19.731","false","193.333","68.533","1048.333","838.667","0","0","70","63","92.922","83.511","34.059","49.978","0","0.078","0","0.022","false","false","Oreback Quarry"
"ashglassPass","50","fighter","false","true","22867.6","21394.867","-6.44","false","223.533","439.133","949.333","1034.667","0","0","0","0","0","0","34.178","33.511","0.107","0.152","0","0.244","false","true","Ashglass Pass"
"ashglassPass","50","mage","false","true","25186.733","21260.333","-15.589","false","219.267","670.467","1056","1173.333","0","0","0","0","0","0","30.589","27.163","0.278","0.111","0","0.378","false","true","Ashglass Pass"
"ashglassPass","50","archer","false","true","27777.333","20812","-25.076","false","252.4","636.867","1173.333","1269.333","0","0","0","0","0","0","37.181","29.17","0.63","0.245","0","0","false","true","Ashglass Pass"
"ashglassPass","50","guardian","false","true","23719.4","19473.533","-17.9","false","140.4","234.533","885.333","842.667","0","0","0","0","0","0","34.863","37.456","0.237","0.281","0","0.222","false","true","Ashglass Pass"
"ashglassPass","50","berserker","false","true","23649.533","21524.667","-8.985","false","203.733","308.067","896","896","0","0","0","0","0","0","38.607","37.456","0.307","0.067","0","0.056","false","true","Ashglass Pass"
"ashglassPass","50","duelist","false","true","22701.533","19409.733","-14.5","false","287.933","482.467","842.667","938.667","0","0","0","0","0","0","32.296","29.044","0.548","0","0","0.267","false","true","Ashglass Pass"
"ashglassPass","50","fireMage","false","true","27105.733","24485.6","-9.666","false","159.867","495.6","1024","1152","0","0","0","0","0","0","46.519","34.256","1.17","0.2","0","1.589","false","true","Ashglass Pass"
"ashglassPass","50","runeMage","false","true","26856.667","22290.267","-17.003","false","189.067","574.333","1024","1152","0","0","0","0","0","0","41.185","36.426","1.078","0.156","0","4.8","false","true","Ashglass Pass"
"ashglassPass","50","stormMage","false","true","25328.867","20855.6","-17.661","false","230.333","690.733","981.333","1173.333","0","0","0","0","0","0","35.018","27.296","0.304","0.17","0","0.133","false","true","Ashglass Pass"
"ashglassPass","50","sniper","false","true","28052.133","20152.667","-28.16","false","375.067","640.667","1536","1525.333","0","0","0","0","0","0","28.345","27.741","0.096","0.185","0","0.233","false","true","Ashglass Pass"
"ashglassPass","50","trapper","false","true","25087.8","21643.933","-13.727","false","257.867","533.6","896","1002.667","0","0","0","0","0","0","35.929","31.463","0.548","0","0.2","0.511","false","true","Ashglass Pass"
"ashglassPass","50","beastArcher","false","true","26476.933","19459.467","-26.504","false","320.8","757.667","821.333","874.667","0","0","0","0","0","0","25.385","23.811","0.163","0.089","0","0.144","false","true","Ashglass Pass"
"ashglassPass","50","fighter","true","true","23570.867","20083.933","-14.793","false","203.267","375.267","874.667","928","0","0","86","75","114.811","100.556","37.537","35.211","0.311","0.222","0.1","0.022","false","true","Ashglass Pass"
"frostfenOutskirts","50","fighter","false","true","25016.933","21489.667","-14.1","false","307.4","229.733","992","906.667","0","0","0","0","0","0","29.8","34.83","0","0","0.411","0","false","false","Frostfen Outskirts"
"frostfenOutskirts","50","mage","false","true","24981.933","20910.933","-16.296","false","391.133","437","1045.333","1045.333","0","0","0","0","0","0","22.426","29.007","0","0","0.689","0.2","false","true","Frostfen Outskirts"
"frostfenOutskirts","50","archer","false","true","27023.4","20370.133","-24.62","false","417.6","520.4","1226.667","1280","0","0","0","0","0","0","22.478","25.867","0","0","0","0","false","true","Frostfen Outskirts"
"frostfenOutskirts","50","guardian","false","true","26280.867","21868.4","-16.79","false","187.333","102.4","917.333","885.333","0","0","0","0","0","0","26.874","34.478","0","0","0","0","false","false","Frostfen Outskirts"
"frostfenOutskirts","50","berserker","false","true","26618.933","21248","-20.177","false","304.733","214.2","896","896","0","0","0","0","0","0","30.185","37.592","0","0","0","0.044","false","false","Frostfen Outskirts"
"frostfenOutskirts","50","duelist","false","true","23718.267","20874.6","-11.989","false","369.8","262.133","917.333","842.667","0","0","0","0","0","0","25.356","29.044","0","0","0","0.033","false","false","Frostfen Outskirts"
"frostfenOutskirts","50","fireMage","false","true","29720.4","24831.6","-16.449","false","341.8","340.133","1130.667","1066.667","0","0","0","0","0","0","28.563","35.904","0","0","0","0","false","false","Frostfen Outskirts"
"frostfenOutskirts","50","runeMage","false","true","27978.867","24458.6","-12.582","false","399.8","317.067","1120","1034.667","0","0","0","0","0","0","30.426","41.856","0","0","0","1.122","false","false","Frostfen Outskirts"
"frostfenOutskirts","50","stormMage","false","true","25841.733","21871.267","-15.365","false","464.533","435.933","1077.333","1034.667","0","0","0","0","0","0","23.122","29.641","0","0","0.511","0.345","false","false","Frostfen Outskirts"
"frostfenOutskirts","50","sniper","false","true","25495.4","21147.6","-17.053","false","486.333","491.867","1504","1493.333","0","0","0","0","0","0","19.259","23.481","0","0","0","0","false","false","Frostfen Outskirts"
"frostfenOutskirts","50","trapper","false","true","25537.2","23135.067","-9.406","false","395.133","293.867","938.667","885.333","0","0","0","0","0","0","28.396","33.7","0","0","0","1.589","false","false","Frostfen Outskirts"
"frostfenOutskirts","50","beastArcher","false","true","25927.267","20300.4","-21.703","false","619.267","560.133","810.667","810.667","0","0","0","0","0","0","18.4","24.537","0","0","0.044","0","false","false","Frostfen Outskirts"
"frostfenOutskirts","50","fighter","true","true","26058","21488.467","-17.536","false","297.6","178.133","949.333","842.667","0","0","64","64","85.333","84.544","27.304","34.122","0","0","1.511","0.167","false","false","Frostfen Outskirts"
"glacierSpine","60","fighter","false","true","31858","27426.6","-13.91","false","785.933","1045.6","1322.667","1365.333","0","0","0","0","0","0","22.381","22.533","0.056","0","0","0.311","false","true","Glacier Spine"
"glacierSpine","60","mage","false","true","29009.867","25827.933","-10.968","false","1256","1586.2","1525.333","1642.667","0","0","0","0","0","0","21.83","21.304","0","0.019","0.367","0","false","true","Glacier Spine"
"glacierSpine","60","archer","false","true","30398.2","25358.267","-16.58","false","1369.533","1727.333","1792","1888","0","0","0","0","0","0","19.844","16.155","0","0","0.078","0.422","false","true","Glacier Spine"
"glacierSpine","60","guardian","false","true","35885.333","31686.2","-11.702","false","405.467","567.933","928","917.333","0","0","0","0","0","0","25.604","26.207","0.015","0.037","0","0.178","false","true","Glacier Spine"
"glacierSpine","60","berserker","false","true","34456.2","30095.667","-12.655","false","541.867","904.2","938.667","906.667","0","0","0","0","0","0","26.622","24.837","0","0","0.622","0.122","false","true","Glacier Spine"
"glacierSpine","60","duelist","false","true","28602.867","26356.933","-7.852","false","935.533","1237.733","1216","1354.667","0","0","0","0","0","0","19.633","18.97","0","0","0.033","0.333","false","true","Glacier Spine"
"glacierSpine","60","fireMage","false","true","37069.533","30815.333","-16.872","false","798.933","1280.333","1408","1589.333","0","0","0","0","0","0","27.459","27.152","0","0","0.111","6.467","false","true","Glacier Spine"
"glacierSpine","60","runeMage","false","true","35236.067","31743.6","-9.912","false","887.6","1200.4","1312","1493.333","0","0","0","0","0","0","29.267","26.344","0","0","5.878","1.322","false","true","Glacier Spine"
"glacierSpine","60","stormMage","false","true","30515.2","26709.2","-12.472","false","912.2","1648","1333.333","1706.667","0","0","0","0","0","0","22.807","18.733","0","0","0","0.356","false","true","Glacier Spine"
"glacierSpine","60","sniper","false","true","26405.133","23481","-11.074","false","1386.133","1661.733","1952","2037.333","0","0","0","0","0","0","18.745","16.474","0","0","0","1.467","false","true","Glacier Spine"
"glacierSpine","60","trapper","false","true","35035.467","30789.267","-12.12","false","764.467","1167.4","1258.667","1450.667","0","0","0","0","0","0","26.652","28.311","0","0","3.333","4.911","false","true","Glacier Spine"
"glacierSpine","60","beastArcher","false","true","25593.467","22163.467","-13.402","false","1467.2","1874.533","1216","1418.667","0","0","0","0","0","0","19.859","16.248","0","0","1.411","0.256","false","true","Glacier Spine"
"glacierSpine","60","fighter","true","true","37084.867","31535.2","-14.965","false","651.733","1099.267","1248","1408","0","0","79","106","106.789","140.533","22.815","19.059","0.03","0","0.122","0.1","true","true","Glacier Spine"
"stormbreakCliffs","60","fighter","false","true","28704.733","28000.2","-2.454","false","510.733","725","1130.667","1109.333","0","0","0","0","0","0","41.096","40.674","0.03","0.052","0","0.444","false","true","Stormbreak Cliffs"
"stormbreakCliffs","60","mage","false","true","29202.867","26287.067","-9.985","false","405.267","932.067","1066.667","1258.667","0","0","0","0","0","0","37.259","36.078","0.182","0.015","0","0.356","false","true","Stormbreak Cliffs"
"stormbreakCliffs","60","archer","false","true","29153.333","28258.933","-3.068","false","369.267","1141.333","1226.667","1514.667","0","0","0","0","0","0","38.752","30.685","0.093","0.019","0","0.522","false","true","Stormbreak Cliffs"
"stormbreakCliffs","60","guardian","false","true","29780.2","29327.133","-1.521","false","251.333","421.867","864","768","0","0","0","0","0","0","50.678","40.637","0.004","0.126","0.033","0.367","false","true","Stormbreak Cliffs"
"stormbreakCliffs","60","berserker","false","true","29499.2","29277.4","-0.752","false","464.667","655.933","874.667","810.667","0","0","0","0","0","0","46.47","41.67","0.052","0","0","0.3","false","true","Stormbreak Cliffs"
"stormbreakCliffs","60","duelist","false","true","27094.4","25868.267","-4.525","false","553.4","868.8","981.333","1045.333","0","0","0","0","0","0","38.244","35.585","0","0.007","0","0","false","true","Stormbreak Cliffs"
"stormbreakCliffs","60","fireMage","false","true","34824.133","32468.267","-6.765","false","243.133","664.2","1024","1109.333","0","0","0","0","0","0","48.919","47.604","0.37","0.092","0","0.478","false","true","Stormbreak Cliffs"
"stormbreakCliffs","60","runeMage","false","true","35107.733","31296.2","-10.857","false","311.2","696.533","1088","1120","0","0","0","0","0","0","47.696","46.204","0.152","0.026","0","1.067","false","true","Stormbreak Cliffs"
"stormbreakCliffs","60","stormMage","false","true","30729.6","30292.4","-1.423","false","296.067","943.533","981.333","1258.667","0","0","0","0","0","0","35.915","36.837","0.185","0.159","0","0","false","true","Stormbreak Cliffs"
"stormbreakCliffs","60","sniper","false","true","29099.533","27192.933","-6.552","false","483.933","926.333","1504","1536","0","0","0","0","0","0","33.83","34.726","0.193","0.078","0","0","false","true","Stormbreak Cliffs"
"stormbreakCliffs","60","trapper","false","true","33831.8","32024.4","-5.342","false","234.667","843.733","938.667","1152","0","0","0","0","0","0","46.678","40.67","0.148","0","0.433","4.522","false","true","Stormbreak Cliffs"
"stormbreakCliffs","60","beastArcher","false","true","28781.933","24453.867","-15.037","false","445.867","1084.333","768","992","0","0","0","0","0","0","31.27","29.922","0.089","0.03","0","2.711","false","true","Stormbreak Cliffs"
"stormbreakCliffs","60","fighter","true","true","33971.8","30773.667","-9.414","false","508.2","727.067","1098.667","1120","0","0","70","84","95.133","113.533","40.381","38.326","0.007","0","0","0.344","true","true","Stormbreak Cliffs"
"astralArchive","85","fighter","false","true","42167.733","41582.4","-1.388","false","1137.333","1442.467","1520","1640","0","0","0","0","0","0","25.063","25.33","0.037","0.156","0.3","0.478","false","true","Astral Archive"
"astralArchive","85","mage","false","true","40496.067","41579.067","2.674","false","1404.667","1987.867","1640","1940","0","0","0","0","0","0","30.189","21.104","0.067","0.237","0","1.778","false","true","Astral Archive"
"astralArchive","85","archer","false","true","39911.2","39980.533","0.174","false","1743.8","2107.4","2000","2200","0","0","0","0","0","0","27.707","17.789","0","0.026","1.734","6.178","false","true","Astral Archive"
"astralArchive","85","guardian","false","true","45903.333","47762.6","4.05","false","563.533","718.933","920","940","0","0","0","0","0","0","33.433","26.744","0","0.067","0","0","false","true","Astral Archive"
"astralArchive","85","berserker","false","true","44469.533","44916.4","1.005","false","849","1128.667","940","960","0","0","0","0","0","0","34.2","29.996","0.07","0.004","0","0","false","true","Astral Archive"
"astralArchive","85","duelist","false","true","39103.667","40043.6","2.404","false","1229.933","1541.6","1440","1580","0","0","0","0","0","0","24.292","21.496","0","0.059","0","0","false","true","Astral Archive"
"astralArchive","85","fireMage","false","true","51763.2","50418","-2.599","false","1015.067","1578.8","1560","1800","0","0","0","0","0","0","42.419","26.948","0.374","0.541","0.456","2.033","false","true","Astral Archive"
"astralArchive","85","runeMage","false","true","50331.467","47371.333","-5.881","false","1196.267","1466.333","1600","1720","0","0","0","0","0","0","39.633","30.608","0.326","0.337","0.667","6.856","false","true","Astral Archive"
"astralArchive","85","stormMage","false","true","42492.933","43068.2","1.354","false","1217.933","1889.333","1560","1920","0","0","0","0","0","0","27.089","20.645","0.211","0.389","1.322","1.289","false","true","Astral Archive"
"astralArchive","85","sniper","false","true","38485.133","40082.8","4.151","false","1637.333","2202","2200","2440","0","0","0","0","0","0","27.433","13.8","0","0","0.811","6.067","false","true","Astral Archive"
"astralArchive","85","trapper","false","true","50227.733","50224.467","-0.007","false","1208.4","1393.267","1580","1600","0","0","0","0","0","0","34.778","27.87","0.089","0.333","4.767","9.789","false","true","Astral Archive"
"astralArchive","85","beastArcher","false","true","34539.067","38179.467","10.54","true","1587.8","2135.667","1260","1500","0","0","0","0","0","0","24.733","18.407","0","0","3.811","1.467","false","true","Astral Archive"
"astralArchive","85","fighter","true","true","44608.133","43715","-2.002","false","963.133","1150","1380","1440","0","0","83","79","109.444","105.833","26.522","26.571","0","0.033","0.1","1.111","false","true","Astral Archive"
"eclipseFrontier","85","fighter","false","true","44888","45900.333","2.255","false","859.933","952.267","1400","1460","0","0","0","0","0","0","23.074","23.582","0","0.052","0","0.267","false","true","Eclipse Frontier"
"eclipseFrontier","85","mage","false","true","41643.6","42237.133","1.425","false","1129.6","1791.6","1560","1940","0","0","0","0","0","0","25.544","20.111","0.041","0.141","0","1.033","false","true","Eclipse Frontier"
"eclipseFrontier","85","archer","false","true","44849.733","45380","1.182","false","1246.667","1808.8","1820","2120","0","0","0","0","0","0","25.918","21.355","0","0.181","2.011","0.067","false","true","Eclipse Frontier"
"eclipseFrontier","85","guardian","false","true","47705","49581.067","3.933","false","467.667","578","980","960","0","0","0","0","0","0","27.804","26.141","0","0.137","0","0","false","true","Eclipse Frontier"
"eclipseFrontier","85","berserker","false","true","46983.933","48993.533","4.277","false","672.4","720.933","1000","980","0","0","0","0","0","0","28.178","29.437","0","0.13","0","0","false","false","Eclipse Frontier"
"eclipseFrontier","85","duelist","false","true","41004.6","42050.2","2.55","false","930.4","1142.6","1340","1420","0","0","0","0","0","0","17.919","20.689","0","0.078","0.044","0.144","false","true","Eclipse Frontier"
"eclipseFrontier","85","fireMage","false","true","50921.467","53388.867","4.846","false","711.867","1109.867","1420","1620","0","0","0","0","0","0","37.052","28.56","0.204","0.53","0.133","0","false","true","Eclipse Frontier"
"eclipseFrontier","85","runeMage","false","true","48395.733","51441.933","6.294","false","846.533","1103.667","1340","1500","0","0","0","0","0","0","35.552","30.637","0.022","0.715","3.422","2.767","false","true","Eclipse Frontier"
"eclipseFrontier","85","stormMage","false","true","41389.533","42178.067","1.905","false","748.267","1509.4","1300","1720","0","0","0","0","0","0","23.678","23.137","0","0.489","0.3","0.389","false","true","Eclipse Frontier"
"eclipseFrontier","85","sniper","false","true","37888.467","40469.8","6.813","false","1653","2069.467","2220","2420","0","0","0","0","0","0","19.381","19.329","0","0.289","0","0","false","true","Eclipse Frontier"
"eclipseFrontier","85","trapper","false","true","53330.333","55243","3.586","false","985.267","1020.333","1520","1440","0","0","0","0","0","0","27.382","28.633","0.133","0.467","2.733","1.089","false","false","Eclipse Frontier"
"eclipseFrontier","85","beastArcher","false","true","36850.333","40005.733","8.563","false","1645.333","2052.8","1240","1460","0","0","0","0","0","0","19.515","17.374","0","0.189","1.033","0","false","true","Eclipse Frontier"
"eclipseFrontier","85","fighter","true","true","50117.333","51231.4","2.223","false","690.333","870.267","1320","1380","0","0","78","81","103.689","108.778","23.856","21.393","0","0.059","0","0","true","true","Eclipse Frontier"
"eclipseFrontier","100","fighter","false","true","48703.8","50070.2","2.806","false","980.4","1039.6","1460","1480","0","0","0","0","0","0","23.733","25.541","0","0.137","0","0","false","false","Eclipse Frontier"
"eclipseFrontier","100","mage","false","true","45773.333","46588.467","1.781","false","1376.867","2131.467","1700","2120","0","0","0","0","0","0","23.374","20.526","0.056","0.237","1.678","0.667","false","true","Eclipse Frontier"
"eclipseFrontier","100","archer","false","true","47776.533","47122.8","-1.368","false","1683.4","2043.4","2000","2260","0","0","0","0","0","0","24.052","19.826","0","0.245","0","0.733","false","true","Eclipse Frontier"
"eclipseFrontier","100","guardian","false","true","53212.867","55943.333","5.131","false","463.933","578.6","940","1000","0","0","0","0","0","0","29.885","29.433","0","0.193","0","0","false","true","Eclipse Frontier"
"eclipseFrontier","100","berserker","false","true","51805.2","52710.2","1.747","false","641.867","768.733","1000","980","0","0","0","0","0","0","30.418","33.093","0","0.156","0","0","false","true","Eclipse Frontier"
"eclipseFrontier","100","duelist","false","true","45609.2","45634.667","0.056","false","914.067","1391.733","1300","1520","0","0","0","0","0","0","22.563","21.785","0","0.063","0","0.322","false","true","Eclipse Frontier"
"eclipseFrontier","100","fireMage","false","true","59382.133","59057.867","-0.546","false","851.067","1268.133","1480","1740","0","0","0","0","0","0","35.248","29.322","0.067","0.663","0.3","0.056","false","true","Eclipse Frontier"
"eclipseFrontier","100","runeMage","false","true","56097.067","58277.6","3.887","false","1074.667","1350.333","1420","1640","0","0","0","0","0","0","34.659","33.578","0.026","0.585","3.622","3.889","false","true","Eclipse Frontier"
"eclipseFrontier","100","stormMage","false","true","46019.067","47299.733","2.783","false","1178.867","1795.8","1560","1880","0","0","0","0","0","0","23.185","22.367","0.019","0.311","0","0.389","false","true","Eclipse Frontier"
"eclipseFrontier","100","sniper","false","true","45040.133","42182.8","-6.344","false","1668.6","2164.533","2180","2460","0","0","0","0","0","0","20.892","19.304","0","0.185","0.222","0","false","true","Eclipse Frontier"
"eclipseFrontier","100","trapper","false","true","59860.6","61422.6","2.609","false","1088.667","1049.733","1540","1480","0","0","0","0","0","0","31.1","29.408","0.048","0.541","5.145","3.6","false","false","Eclipse Frontier"
"eclipseFrontier","100","beastArcher","false","true","44755","43293.4","-3.266","false","1985.333","2812.267","1360","1780","0","0","0","0","0","0","19.148","18.689","0","0.026","0","0","false","true","Eclipse Frontier"
"eclipseFrontier","100","fighter","true","true","55028.333","57633.133","4.734","false","951.133","984.933","1460","1500","0","0","83","87","111.022","116.467","24.234","25.152","0","0.089","0","0","true","true","Eclipse Frontier"
"endlessRift","100","fighter","false","true","49468.8","52219.933","5.561","false","1753.4","2333.867","1860","2100","0","0","0","0","0","0","28.689","35.007","0","0.111","0","0","false","true","Endless Rift"
"endlessRift","100","mage","false","true","48251.733","45766.933","-5.15","false","2849.667","3421.4","2440","2680","0","0","0","0","0","0","28.515","36.167","0","0","0.167","0","false","true","Endless Rift"
"endlessRift","100","archer","false","true","52631.8","58087","10.365","true","2939.333","3578.467","2640","2980","0","0","0","0","0","0","28.685","30.804","0","0","0","0","false","true","Endless Rift"
"endlessRift","100","guardian","false","true","55467.733","62575.533","12.814","true","1086.667","1113.133","880","940","0","0","0","0","0","0","34.604","39.548","0","0.111","0.833","0","false","false","Endless Rift"
"endlessRift","100","berserker","false","true","53955.267","59185.6","9.694","false","1294.267","1700.6","920","960","0","0","0","0","0","0","32.541","39.252","0.019","0.111","0","0","false","true","Endless Rift"
"endlessRift","100","duelist","false","true","46062.133","53671.733","16.52","true","1969.8","2592","1760","2140","0","0","0","0","0","0","25.389","28.096","0.104","0.13","0","0","false","true","Endless Rift"
"endlessRift","100","fireMage","false","true","63847","68546.6","7.361","false","1904.667","2825.4","1920","2400","0","0","0","0","0","0","39.263","43.356","0","0.133","0","0","false","true","Endless Rift"
"endlessRift","100","runeMage","false","true","63183.6","70396.8","11.416","true","1888.6","2567.333","1940","2220","0","0","0","0","0","0","38.774","44.311","0.048","0.1","1.255","0","false","true","Endless Rift"
"endlessRift","100","stormMage","false","true","49039.733","52245.067","6.536","false","2450.867","3593.4","2140","2760","0","0","0","0","0","0","28.011","34.926","0","0.037","0.111","0","false","true","Endless Rift"
"endlessRift","100","sniper","false","true","52912.133","53375.867","0.876","false","2926.067","3374.867","2840","3020","0","0","0","0","0","0","25.259","32.567","0.004","0.022","0","0","false","true","Endless Rift"
"endlessRift","100","trapper","false","true","62328.4","70460.2","13.047","true","1817.933","2518.4","1860","2280","0","0","0","0","0","0","33.604","32.3","0.119","0.015","2.444","1.178","false","true","Endless Rift"
"endlessRift","100","beastArcher","false","true","44763.333","45713","2.122","false","2879.2","3873","1840","2340","0","0","0","0","0","0","25.715","28.852","0.118","0","0","0","false","true","Endless Rift"
"endlessRift","100","fighter","true","true","59402.6","63941.467","7.641","false","1712.533","2010","1860","2000","0","0","128","137","172.111","182.689","28.47","33.5","0","0.037","0.144","0","true","true","Endless Rift"
