{
  "Version": "2012-10-17",
  "Statement": [
    {
      "Effect": "Allow",
      "Action": [
        "dynamodb:DescribeTable",
        "dynamodb:GetItem",
        "dynamodb:PutItem",
        "dynamodb:UpdateItem",
        "dynamodb:DeleteItem",
        "dynamodb:Query"
      ],
      "Resource": [
        "arn:aws:dynamodb:us-east-2:886623862678:table/slot-machine-demo-players",
        "arn:aws:dynamodb:us-east-2:886623862678:table/slot-machine-users",
        "arn:aws:dynamodb:us-east-2:886623862678:table/slot-machine-users/index/sessionToken-index"
      ]
    }
  ]
}
