[
  {
    "key": "idle",
    "label": "Idle Coins",
    "description": "Gain +1 coin per second per level.",
    "category": "Economy",
    "cost": 50,
    "max": 5,
    "levels": ["+1/sec", "+2/sec", "+3/sec", "+4/sec", "+5/sec"],
    "defaultLevel": 1
  },
  {
    "key": "retrigger",
    "label": "Retrigger",
    "description": "5% chance per level to replay a losing spin for free.",
    "category": "Spin",
    "cost": 50,
    "max": 5,
    "levels": ["5% chance", "10%", "15%", "20%", "25%"]
  },
  {
    "key": "speed",
    "label": "Faster Spins",
    "description": "Reduce spin duration by 10% per level.",
    "category": "Spin",
    "cost": 30,
    "max": 5,
    "levels": ["10% faster", "20%", "30%", "40%", "50%"]
  },
  {
    "key": "rows",
    "label": "Extra Rows",
    "description": "Add additional rows of symbols.",
    "category": "Layout",
    "cost": 100,
    "max": 2,
    "levels": ["Unlock second row", "Unlock third row"]
  },
  {
    "key": "lines",
    "label": "Multi-lines",
    "description": "Unlock diagonals, zigzags, then all-touching paylines.",
    "category": "Layout",
    "cost": 150,
    "max": 3,
    "levels": ["Unlock diagonals", "Unlock zigzags", "Unlock all-touching"]
  },
  {
    "key": "reels",
    "label": "Extra Reels",
    "description": "Increase reels for longer combos.",
    "category": "Layout",
    "cost": 200,
    "max": 2,
    "levels": ["Unlock 4th reel", "Unlock 5th reel"]
  },
  {
    "key": "premium",
    "label": "Premium Symbols",
    "description": "Add higher value symbols to the reels.",
    "category": "Symbols",
    "cost": 120,
    "max": 0,
    "dynamicMax": "premiumSymbols",
    "levels": []
  },
  {
    "key": "disable",
    "label": "Cull Symbols",
    "description": "Remove low value symbols from the reels.",
    "category": "Symbols",
    "cost": 80,
    "max": 0,
    "dynamicMax": "cullSymbols",
    "levels": []
  },
  {
    "key": "autoSpeed",
    "label": "Auto Speed",
    "description": "Reduce idle/autoplay delay by 10% per level.",
    "category": "Spin",
    "cost": 80,
    "max": 5,
    "levels": ["10% faster", "20%", "30%", "40%", "50%"]
  },
  {
    "key": "retriggerQuality",
    "label": "Retrigger Quality",
    "description": "Increase retrigger chance by 5% per level.",
    "category": "Spin",
    "cost": 100,
    "max": 5,
    "levels": ["5% bonus", "10%", "15%", "20%", "25%"]
  },
  {
    "key": "dropBoost",
    "label": "Drop Boost",
    "description": "Increase drop rates slightly per level.",
    "category": "Drops",
    "cost": 75,
    "max": 5,
    "levels": ["+5% drops", "+10%", "+15%", "+20%", "+25%"]
  },
  {
    "key": "dropBoostUnlock",
    "label": "Drop Boost Skill",
    "description": "Unlock the drop-rate skill button.",
    "category": "Skills",
    "cost": 200,
    "max": 1,
    "levels": ["Unlock skill"]
  },
  {
    "key": "wildUnlock",
    "label": "Add Wilds",
    "description": "Unlock wild symbols on the reels.",
    "category": "Symbols",
    "cost": 350,
    "max": 1,
    "levels": ["Unlock wilds"]
  },
  {
    "key": "wildFrequency",
    "label": "Wild Frequency",
    "description": "Increase wild appearance rate.",
    "category": "Symbols",
    "cost": 150,
    "max": 5,
    "levels": ["+20% wilds", "+40%", "+60%", "+80%", "+100%"]
  },
  {
    "key": "dropRateEffect",
    "label": "Drop Skill Power",
    "description": "Increase drop skill effect by 10% per level.",
    "category": "Skills",
    "cost": 100,
    "max": 10,
    "requires": "dropBoostUnlock",
    "levels": ["+10%", "+20%", "+30%", "+40%", "+50%", "+60%", "+70%", "+80%", "+90%", "+100%"]
  },
  {
    "key": "dropRateDuration",
    "label": "Drop Skill Duration",
    "description": "Increase drop skill duration by 1 minute per level.",
    "category": "Skills",
    "cost": 100,
    "max": 10,
    "requires": "dropBoostUnlock",
    "levels": ["1 min", "2 min", "3 min", "4 min", "5 min", "6 min", "7 min", "8 min", "9 min", "10 min"]
  },
  {
    "key": "betMultiplier",
    "label": "Bet Multiplier",
    "description": "Increase wager cap ×10 per level.",
    "category": "Economy",
    "cost": 10000,
    "max": 5,
    "levels": ["×10", "×100", "×1,000", "×10,000", "×100,000"]
  }
]
